,title,link
0,햄버거 와 김밥을 자주먹고 고독사 를 이기는 혼자 행복한 48세 노총각,https://youtube.com/watch?v=yichcjaTtSU
1,월급날 고급차 타고 퇴근길 돼지국밥 먹으로 갑니다 혼자 행복한 48세 노총각,https://youtube.com/watch?v=LpQInO_DtzQ
2,고급차를 세차하고 산에서 김밥먹는 장가못간 남자,https://youtube.com/watch?v=mf2VFkW0a6U
3,낯선 한 여자가 48세 모솔 독거노총각 집에 찾아왔는데,https://youtube.com/watch?v=vhAHIXmgPP8
4,그 시절을 너무 리얼하게 그려 요즘 개봉했더라면 바로 나락갔을 스토리 ㄷㄷㄷ,https://youtube.com/watch?v=13bBoipiSqM
5,저축을 많이해서 새로운 시대를 준비하는 48세 삼류 노총각 한잔 하면서 삼겹살,https://youtube.com/watch?v=7QrxTlnr_Mc
6,52살 솔로 상렬 행님과의 만남1부,https://youtube.com/watch?v=5la_cZAX2qo
7,낡은 신발을 신고 월급100만원으로 아파트를 산 남자,https://youtube.com/watch?v=2zb0F-VYRLQ
8,바나나와 햄버거를 잘먹는 40대 독거노총각의 삶 비싼아파트 사지 마세요,https://youtube.com/watch?v=LXEH84E-fqk
9,김밥 햄버거 라면을 먹고 소소한 행복을 느끼는 40대 독거 노총각의 삶,https://youtube.com/watch?v=uxTp02lDdo4
10,35년만에 장애인이 되어서 돌아온 친구와 술한잔 장가못간 48세 노총각,https://youtube.com/watch?v=S8Pa3GzuAxk
11,강제로 독거노총각 브이로그 만들기ㅋㅋㅋㅋㅋ,https://youtube.com/watch?v=t8G1MFbxOy0
12,천원짜리 짜장라면에 행복을 느끼는 40대 노총각,https://youtube.com/watch?v=GESp1ONTrLc
13,독거노총각 의 필수품 #텐가 를 알아보자 #shorts,https://youtube.com/shorts/_gKkje6GpuY
14,40대 외로운 노총각의 삶 일상 이야기,https://youtube.com/watch?v=yTjdrZUY0UQ
15,현실적인 40대 도시속 자연인의 삶,https://youtube.com/watch?v=iqmI59By2Q4
16,엄마를 만나고 왔습니다 장가못가도 행복한 48세 노총각,https://youtube.com/watch?v=KAa_IQyOT9Y
17,마누라 없어도 밥 잘챙겨먹는 48세 독거노총각 의 현실 #shorts,https://youtube.com/shorts/l1zh70tOBMA
18,1만원짜리 고급뷔페 1시간동안 먹어도 살 안찌는 48세 노총각,https://youtube.com/watch?v=jXNv8pXR8e8
19,누런 런닝입고 월급타서 고급피자 사먹는 장가못간 48세 독거노총각,https://youtube.com/watch?v=Ui4t7T0Jk4k
20,물가가 많이 올라서 이렇게 묵고 삽니더예 48세 장가못간 노총각,https://youtube.com/watch?v=VKzo7qZykNk
21,일요일 밀면 먹고 반복된 일상이야기,https://youtube.com/watch?v=CEqKeJlrA3A
22,40살전에 시집가고 싶다는 여자동생 만나 술한잔 하고  왔습니다,https://youtube.com/watch?v=8d6cNFR4-Po
23,누런 런닝입고 일다녀와서 반찬이 없어서 1만4천원 짜리 스시초밥 모밀국수먹는 독거노총각,https://youtube.com/watch?v=gpYYHQGrIXM
24,누런 런닝입고 고기를 많이 먹어도 살이 안찌네요 장가못간 48세 독거노총각,https://youtube.com/watch?v=YpOFP_NZ0hk
25,햄버거 와 김밥을 자주먹고 고독사 를 이기는 혼자 행복한 48세 노총각,https://youtube.com/watch?v=yichcjaTtSU
26,월급날 고급차 타고 퇴근길 돼지국밥 먹으로 갑니다 혼자 행복한 48세 노총각,https://youtube.com/watch?v=LpQInO_DtzQ
27,독거 노총각들의 내츄럴 노가리까기 #지상렬#독거노총각#노가리,https://youtube.com/watch?v=mIQ97YZoJMY
28,노년에 어떻게 살까 걱정하지 마세요 막창먹고 한잔하는 48세 노총각,https://youtube.com/watch?v=BLCDL7QFY3s
29,3천만원 짜리 14평 고급아파트에서 일다녀와서  새우버거를 먹습니다,https://youtube.com/watch?v=PKVZR9-JTFg
30,산에서 짜장면 먹는 자연인  8가지의 반찬을 먹는 장가못간 48세 노총각,https://youtube.com/watch?v=maRY_q_pJTc
31,독거 노총각 형님 매매 3천만원 아파트 놀러 갔다 왔습니다 (faet.유튜버 독거노총각)- [집돌이&집순이집],https://youtube.com/watch?v=HmQYixYouxA
32,일상이야기 김밥과 과일을 많이먹는 삶,https://youtube.com/watch?v=h1zKZ0rz-n4
33,1억짜리 빌라에 사는 40대 [노총각] 1부,https://youtube.com/watch?v=qtIEmsZlA68
34,집은 있지만 여자는 없는 40대 [노총각] 7부,https://youtube.com/watch?v=bqpZUDgRwwY
35,유튜버 독거노총각 20살 연하녀한테 추근덕거려 논란,https://youtube.com/watch?v=H_-qf8lo8Xg
36,오랜만에 만난 독거노총각 오빠랑 쏘맥 한잔 중,https://youtube.com/watch?v=ywF0aEf5mLk
37,독거 노총각의 삶 진솔한 이야기 이번달수입260 생활비40,https://youtube.com/watch?v=_d9rFP9je8s
38,강나루 욕쟁이 이모 만나서 연애 상담받고 계란 후라이 같이 먹고왔습니다 장가못간 48세 노총각,https://youtube.com/watch?v=_5VBFdQiWQs
39,선선한 가을날씨에 삼겹살 과 소주 실비김치 먹는 장가못간 48세 노총각,https://youtube.com/watch?v=ghq1YzJ4Gt8
40,업소녀가 외로운 총각을 공사치는법 [노총각] 5부,https://youtube.com/watch?v=x0FX3wxnVAE
41,누런 런닝 입고 10가지 반찬으로 집밥먹고  열심히 준비하다보면 찬스가오죠,https://youtube.com/watch?v=16rvmdAQ1Zo
42,혼자라서 더 즐거운 남자의 삶,https://youtube.com/watch?v=m5hPm8ZS_D0
43,누런 런닝입고 집밥 열심히 먹고 몸에 힘을빼고 찬스를 노려야죠,https://youtube.com/watch?v=G7rct1ZbcMk
44,누런 런닝입고 배고파서 뭐라도 먹어야 되겠네요,https://youtube.com/watch?v=sAVjNqwIzgs
45,누런 런닝입고 장가가든 못가든 삶을 즐기세요,https://youtube.com/watch?v=YMxPSyQPBrQ
46,낡은 신발을 신고 월급100만원으로 아파트를 산 남자,https://youtube.com/watch?v=2zb0F-VYRLQ
47,누런 런닝입고 삶은 짜장면 입니다 지은아 오빠랑 짜장면 먹어야지,https://youtube.com/watch?v=sVV9Q5ix--E
48,40대 미혼 남자의 현실적인 방구석 모습,https://youtube.com/watch?v=HR903GmS2-A
49,세금을 많이 내고 인스타로 젊은 여자들을 보고 참외를 먹는남자,https://youtube.com/watch?v=7EtYPCwXSqw
50,독거노총각 오빠 집에서 에스파 춤 전수해주고 왔습니다 (ft. AI),https://youtube.com/watch?v=w3CTiRcFA_8
51,700만원짜리 고급샷시하고 후회하는 장가못간 남자,https://youtube.com/watch?v=Wmf7WzWHKEE
52,독거 노총각 크리스마스 이브  눈물의 혼밥먹방 인생이야기,https://youtube.com/watch?v=0aLf-xdsisg
53,햄버거 먹고 전생에 여자였던 나무와 어울려사는 남자 장가못간48세 노총각,https://youtube.com/watch?v=Js3Z19U0c8A
54,밥과 반찬이 떨어져서 짜장면 먹는 40대 장가못간 남자의모습,https://youtube.com/watch?v=0FGq0aLweMg
55,소비하는 삶 일상이야기  짜장라면 먹고 소주한잔,https://youtube.com/watch?v=7A4H5hLOhjM
56,삼겹살과 소주 한잔 하는 만46세 모솔 독거노총각,https://youtube.com/watch?v=Ert4dEiD-Fg
57,여자없는 외로운 삶 [노총각] 3부,https://youtube.com/watch?v=fkMRC84pShk
58,저축을 많이해서 새로운 시대를 준비하는 48세 삼류 노총각 한잔 하면서 삼겹살,https://youtube.com/watch?v=7QrxTlnr_Mc
59,40대 장가못간 노총각 수민이 한테 연락왔는데,https://youtube.com/watch?v=myyU9e98LLo
60,누런 런닝입고 주말 짬뽕먹고 옷세탁 일찍자고 가진것을 지켜야죠,https://youtube.com/watch?v=px-hx4a8W2c
61,일 다녀 와서 비빔면,https://youtube.com/watch?v=zA_V9A4lNy0
62,독거노처녀와 독거노총각이 만나다,https://youtube.com/watch?v=ClkEzzu6LYM
63,3천만원짜리 아파트에서의 삶 독거노총각 소개팅하다,https://youtube.com/watch?v=opEtERTMFQc
64,독거노총각 님과 합방하라는 댓글러들 다 드루와~ 브이로그19 엄마,https://youtube.com/watch?v=s1_oINVTXYY
65,3천만원짜리 아파트에서의 삶 열심히 살아가는 독거노총각,https://youtube.com/watch?v=vlb0gFLhYPc
66,40대 노총각 현실적인 저녁혼밥,https://youtube.com/watch?v=hGWflWEJ1W4
67,42년간 여자없이 살아보고 느낀점 [노총각] 2부,https://youtube.com/watch?v=1C8xXXeP3K8
68,3천만원짜리 아파트에서의 삶 여자보다 스마트폰 보며 라면 먹는 즐거움,https://youtube.com/watch?v=rMH817_dOws
69,90년대 아파트 인테리어 괜찮을까.. (독거노총각 패러디),https://youtube.com/watch?v=riI6TVHgXuw
70,탈모독거노총각이 바법샵에서 링거펌(탈모펌)을 받으며 노래도 부르고 집도 사주려고 하는 이유,https://youtube.com/watch?v=4DoQ7Zcf-50
71,누나한테 이러는 거 아니야,https://youtube.com/watch?v=7GJ8Y8vHeMg
72,52살 솔로 상렬 행님과의 만남1부,https://youtube.com/watch?v=5la_cZAX2qo
73,민지야,https://youtube.com/watch?v=14VQoblTRz8
74,아이돌급 여자와 48세 모솔남자의 만남,https://youtube.com/watch?v=aS8FNIRxubc
75,모태솔로 노총각이 업소 다니는 남자가 되는 과정[탈모독거노총각],https://youtube.com/watch?v=ZFvSHq3dhE8
76,미혼 남자가 불순한 마음을 다스리는법 [노총각] 6부,https://youtube.com/watch?v=IeiC58_q9Oo
77,누런 런닝입고 불금은 참외 햄버거 두개먹고 빨리자는 날입니다,https://youtube.com/watch?v=e05iBxQDFl8
78,시골삼류 독거노총각 저녁때우기,https://youtube.com/watch?v=EKmBktALXdE
79,48세 장가못간 남자집에 놀러온 싱어송라이터,https://youtube.com/watch?v=ymZ1_CTiuqU
80,모솔45년만에 사귄지2주만에 해어지다,https://youtube.com/watch?v=QRNa7uG_twc
81,강제로 독거노총각 브이로그 만들기 2탄ㅋㅋㅋㅋㅋㅋㅋㅋ,https://youtube.com/watch?v=tiA5jHnge6M
82,3천만원짜리 14평 아파트 40대 1인가구의 실제 삶,https://youtube.com/watch?v=LdHZQ3Sfdms
83,누런 런닝입고 참외와 복숭아 먹는 장가못가도 즐거운 만46세 독거노총각,https://youtube.com/watch?v=kfJt7MxH2UM
84,40대 노총각의 여자를 초월한 삶,https://youtube.com/watch?v=n95lectnhDE
85,3천만원 짜리 아파트에서 여자가 없어도 행복한 남자,https://youtube.com/watch?v=eZKGJE8DXVU
86,40대 독거노총각이 고독사에서 살아남는법,https://youtube.com/watch?v=9GeXJ_V2Whw
87,토요일 누런 런닝입고  적당하게 일하고 적당하게 돈도있어야죠 48세 노총각,https://youtube.com/watch?v=bujDW8GblFo
88,45살 노총각이 과자를 많이 먹는이유,https://youtube.com/watch?v=uZZ1h6G52FI
89,밥주독수공방 있는재료로 요리하는 가난한 노총각 집밥먹방,https://youtube.com/watch?v=l7s6Ea1v9nk
90,자신감이 넘친다,https://youtube.com/watch?v=25Q2K2ubsBI
91,외할머니를 만나고 오다,https://youtube.com/watch?v=zQUM_Bk3XuE
92,누런 런닝입고 돈가스 사왔는데 마누라가 없네요,https://youtube.com/watch?v=uGgQYsxB34I
93,여자를 보내주소서,https://youtube.com/watch?v=M8Ha4bGy34o
94,독거총각 천원혼밥 살아가는 이야기,https://youtube.com/watch?v=Yv5vOuMokIA
95,김치와 미역국에 밥먹는 남자,https://youtube.com/watch?v=Iy2skPHpXCg
96,지상렬 형님과의 만남 2부 야 근데 말 놓으도 되냐,https://youtube.com/watch?v=rkDmudoaAy0
97,40대 독거인의 삶 여자생각날땐,https://youtube.com/watch?v=gLMheM_o2vc
98,혼자사는 삶,https://youtube.com/watch?v=v9ci85C2YGg
99,3천만원 짜리 아파트에서의 삶 여자없는 삶은 불행도 행복도 아니다,https://youtube.com/watch?v=TwLgbjiXv1Y
100,새로 개발한 48세 독거노총각 맞춤형 체조,https://youtube.com/shorts/PlpJ85vFXzc
101,40대 독거남의 삶  여자없는 기쁨,https://youtube.com/watch?v=2jT6jumrxiU
102,한국 여자와 절대 결혼하지마세요?,https://youtube.com/watch?v=Oj04ergyvvs
103,[Vlog] 뿌라이덜 샤워 (feat.독거노총각 패러디),https://youtube.com/watch?v=eE5y82iOUns
104,누런 런닝입고 비가와서 짜짱면이 땡기네요 문워크 잘하면 은정이랑 결혼한다는 장가못간 48세 독거노총각,https://youtube.com/watch?v=F8oVNmhEIQY
105,3천만원짜리 아파트에서의 삶 여자를 기다리지 않는 행복,https://youtube.com/watch?v=WIsn-tKIL5A
106,고급오토바이 타고 오이요리를 잘하는남자 3천만원짜리 14평 1인가구의 삶,https://youtube.com/watch?v=AEbSGbq0cOU
107,45살 내가 결혼을 포기한 이유,https://youtube.com/watch?v=Prt6vbPhUoc
108,외로움에 감사하는 장가못간 극빈층 남자의 삶,https://youtube.com/watch?v=zu_moyS9lY8
109,3천만원짜리 아파트에서의 삶 그녀를 만나다,https://youtube.com/watch?v=Ru-gl5UYNwI
110,40대 백수의 삶 자살자 목격,https://youtube.com/watch?v=afvRnoJGG6g
111,3천만원 짜리 아파트에서의 삶 여자와 밥먹는건 신기루인가,https://youtube.com/watch?v=eLGyVc3VlMc
112,3천만원 짜리 아파트에서의 삶 롤린도 잘추고 야구도 잘하는 40대 남자의 현실,https://youtube.com/watch?v=pv3DUc8ypBY
113,마누라 한테 칭찬듣는 장가간 남자,https://youtube.com/watch?v=IrM5HQg2PTc
114,[시즌4] 6부 직업의모든것 700만뷰의 사나이 독거노총각을 만나다ep.1(feat.독거노처녀),https://youtube.com/watch?v=qPMkJoneSt4
115,탈모 독거노총각! 강남역 헌팅 도전! 쏠로 탈출! #직업의모든것,https://youtube.com/watch?v=_YWngd1YNPE
116,노총각혼밥  돼지고기김치찌개 찬밥 계란후라이 Pork Kimchi Stew with Cold Rice 여자는없어도 밥은잘먹는다,https://youtube.com/watch?v=JbehLAE72aY
117,47세 모솔 크리스마스 이브 평생 모텔 못가는남자,https://youtube.com/watch?v=Lpk-m75jRY8
118,고급차를 세차하고 변화구도 잘 던지는데,https://youtube.com/watch?v=qyjlsivprkw
119,40대 독거노총각 여자없이 살면서 돈 100만원이면 저금도 할 수 있는 삶[독거노총각]6부,https://youtube.com/watch?v=QBQjXsxADYA
120,카페에서 진희와 데이트하는 40대 남자의 삶,https://youtube.com/watch?v=yJ_WSTjRMIE
121,40대 독거노총각의 현실적인 삶 [2부] 직업의모든것 탈모노총각 근황,https://youtube.com/watch?v=htDOKO0EOs8
122,40대 백수 1인가구의 현실,https://youtube.com/watch?v=b6w6b2Zde-M
123,48세 독거노총각이 여자와 같이 한 방에서 라면을 같이 먹는데,https://youtube.com/shorts/e6rNSbbATY4
124,탈모인생극장-1편 여자없는 독거노총각의 평화로운 리얼 일상라이프,https://youtube.com/watch?v=UnITLgBRvBw
125,운전을 너무 잘하고 감자요리를 잘해서 여자가 없는 남자 3천만원짜리 14평 1인가구의 삶,https://youtube.com/watch?v=_f3Q3DPKntQ
126,누런 런닝입고 짬뽕사와서  욕실에  문을 두드립니다 장가못간48세 독거노총각,https://youtube.com/watch?v=pkQPzsbtyjo
127,독거노처녀의 일상이야기(feat.독거노총각),https://youtube.com/watch?v=RDqa4p0hdlg
128,모태솔로백수 앞으로 독거노총각이 될지 고민입니다,https://youtube.com/watch?v=LjhSWibOAfs
129,누런 런닝입고 삼겹살 먹어도 살 안찌는 장가못간 48세 독거노총각,https://youtube.com/watch?v=XKlMTuw0RpQ
130,장가못간 남자의 현실적인 겨울준비,https://youtube.com/watch?v=SRGQMCrzK8E
131,누런 런닝입고 고급집밥 먹고 마누라는 마사지 받으로 가고 혜림이는 차에서 내리고 장가못간 48세 독거노총각,https://youtube.com/watch?v=ap9TND7FbaE
132,3천만원짜리 아파트에서의 삶 여자없는 기쁨의 크리스마스,https://youtube.com/watch?v=8B-P5OGg9HE
133,40대 모솔의 삶 여자에 환장하지 않는 일상,https://youtube.com/watch?v=67DO3XFfau4
134,3천만원 짜리 아파트에서의 삶 여자를 만났지만 신기루인가,https://youtube.com/watch?v=tsGwgcKtAsQ
135,대한민국 40대 포기 하면서 사는 삶 [독거노총각]5부,https://youtube.com/watch?v=AfK0TU0Wjzo
136,업소 '절대' 가지마세요 40대 모태솔로 탈모노총각 [3부],https://youtube.com/watch?v=mIyVvvr7oE0
137,독거노총각] 이거만 따라하면 싱크로율 90%까지는 보장함,https://youtube.com/watch?v=l0hsDP9uUnE
138,독거노총각의 짜장면 먹방,https://youtube.com/shorts/8FtLtDaLDfA
139,대한민국 40대 독거 노총각이 되면 안 되는 이유 2부,https://youtube.com/watch?v=DjouDbmyutY
140,44살 독수공방 아침에 퇴근후 소맥 마시는 노총각(대전 왕순대),https://youtube.com/watch?v=-A4X90l2Zjo
141,대한민국 40대 독거노총각인터뷰 1부,https://youtube.com/watch?v=y9O3-OQQOe0
142,40대 미혼 노총각이 산에서 바지를 걷었더니 생기는일,https://youtube.com/shorts/nlSZcGGOtb0
143,[부천신축빌라] ★3억대 최고급빌라★독거노총각이 결혼보다 원종역 집을 더 좋아하는 이유 /4958,https://youtube.com/watch?v=zEvwATtxB3o
144,40대 탈모독거노총각 모발이식 상담 전과정 공개 | 모발이식 상담 받으실 분들은 보시면 도움이 되는 영상,https://youtube.com/watch?v=8CE_Ey_5GQ8
145,노처녀 친구가없는 사람 흘려보낸 시간에 대한 후회 동기부여 자아성찰,https://youtube.com/watch?v=RUOF5lngdUE
146,(50세 노총각)노부모집에서 비비고 산다.,https://youtube.com/watch?v=nkvUqbv5EJA
147,장가를 못간것은 행복도 불행도 아니다 장가못간 고급 남자이야기,https://youtube.com/watch?v=wE-Du25I40U
148,많이 먹어도 살안찌는 신기한 남자,https://youtube.com/watch?v=rxqBnblyCVs
149,독거노총각 개인기가 일상이 되어버린 여자친구,https://youtube.com/shorts/6kpOB5gbWc4
150,만45세 노총각 여자 다 떠나가고 혼자 햄버거 먹다 3천만원짜리14평 1인가구의 삶,https://youtube.com/watch?v=dvn0c22pLWg
151,"우울한 48세 독거 노총각 퇴근하고 집에 도착,,,,저녁도 못 먹고 퇴근..ㅠㅠ 너무 배고파서 혼자 짜파게티 2개랑 남은 소주 정리하기 ㅡㅡ",https://youtube.com/watch?v=dGTV59HUYkY
152,45년모솔 독거 노총각 길거리 헌팅하러 가다,https://youtube.com/watch?v=EjsEDFiacAc
153,독거노총각이 침을 못 뱉는 이유,https://youtube.com/shorts/jn7jWqI-6QU
154,(51세 독거노총각)코로나 오미크론 확진 자가격리기,https://youtube.com/watch?v=4y_vuLYjPiE
155,독거노총각의 여자 없는 삶[훈남독거노총각]8부,https://youtube.com/watch?v=dxOKZMOxsMI
156,결혼 안하면 독거노총각처럼 살까봐 무섭다는 사람들,https://youtube.com/watch?v=eV1CiI5m9nI
157,고급차에 여친 놔두고 혼자 밥먹으로 가는 자연인 남자,https://youtube.com/watch?v=Rerl1ybCV6M
158,애인있는 남자들이 노총각이 되는 과정 [결혼] 12부,https://youtube.com/watch?v=N1c1E-952O0
159,44살 독수공방 노총각 이제는 혼자가 더 편해져버린 중년 아싸의 휴일 일상,https://youtube.com/watch?v=p4o67uR-p3Y
160,45살내가  3천만원 짜리 아파트에 사는이유,https://youtube.com/watch?v=4edlGaJBYHo
161,43살 신입사원 노총각  대패삼겹살 소맥,https://youtube.com/watch?v=j0ZN10Xfxoc
162,결혼정보회사는 독거노총각을 어떻게 볼까? 커플매니저의 솔직한 인터뷰,https://youtube.com/watch?v=tecG7ZHjbik
163,48세 장가 못간 남자의 외롭게 살아가는 이야기,https://youtube.com/watch?v=JAf-FHg6-wU
164,독거 노총각 유튜브 데뷔 좋아요와 구독많이 부탁드립니다,https://youtube.com/watch?v=VxQNQgFw1Ek
165,태국 독거총각의 여자없는 삶(독거노총각 패러디),https://youtube.com/watch?v=gw_1FPT2dWU
166,누런 런닝입고 일하고 왔는데 마누라는 남사친하고 술한잔하고 장가못간 48세 독거노총각,https://youtube.com/watch?v=oAfe0wdJLeY
167,독거노총각뒤에누가있다!!???/검은손,https://youtube.com/watch?v=BaKnvOGPr7Y
168,대한민국 40대 독거노총각의 중국집 배달이야기-4부,https://youtube.com/watch?v=5vqfnCbhXng
169,내가 오토바이 배달을 하지 않고 전동자전거로 배달을 하는 이유[독거노총각]7부,https://youtube.com/watch?v=OanTi6kDnyw
170,계란후라이를 잘해서 장가못간 남자 화장지들고 놀러온 중고차 파괴자,https://youtube.com/watch?v=dY3l5NhcvVI
171,[독거노총각 헌정곡] 신기루,https://youtube.com/watch?v=13ckVI0DDXs
172,독거노처녀의 일상이야기2(feat.독거노총각),https://youtube.com/watch?v=VANXhPz93RE
173,익숙해지는 순간 흥미를 잃습니다 [노총각] 4부,https://youtube.com/watch?v=US1zsvNG1is
174,독거노총각한끼식사 #shorts,https://youtube.com/shorts/0WLgmoa_x7g
175,독거노총각(진),https://youtube.com/shorts/pUZ3BFryDjc
176,남자는 왜 술집 여자에게 돈을 쓸까 독거노총각 여자에 대한 착각,https://youtube.com/watch?v=-gyj7HbQ0s4
177,독거 이혼남 생활비 50만원 현실적 삶  #독거노총각 #이혼 #생활비,https://youtube.com/watch?v=mFR6XOyaIKg
178,X로나에도 쇠질에 집착하지 않는 삶 (ver 독거노총각),https://youtube.com/watch?v=Uc7eU5BwKMQ
179,독거노총각 3천만원짜리 아파트에 한번 들러보았다,https://youtube.com/watch?v=kNGy86TNgIE
180,주절주절 혼밥(feat.잔치국수) l 인생 진짜 더럽게 안 풀린다 안 풀려...,https://youtube.com/watch?v=4DolXf49j_8
181,독거 이혼남과 동네 아줌마 #독거노총각 #이혼 #아줌마 #짜순짜진,https://youtube.com/watch?v=sttA_duTy-I
182,기간제 월급190만 합격했습니다,https://youtube.com/watch?v=EfVbrrUk_-I
183,삼십대 중후반 백수의 합격이 없는 삶(feat. 독거노총각),https://youtube.com/watch?v=gp_iAKb_rGk
184,[VLOG] 40대 탈모 독거노총각! 경상도 노총각! 삼성동 선아! 먹방 라이브방송! 1부,https://youtube.com/watch?v=nD8OWCCelgY
185,아빠의 도박빚 때문에 독거 노총각에게 팔려간 딸의 최후 (영화리뷰 결말포함),https://youtube.com/watch?v=8tTjP2tfYQE
186,고시원백수24시간브이로그 미혼 독거노처녀 비혼주의자 일상 불안한미래,https://youtube.com/watch?v=wA1I5Q-aXao
187,4만원짜리 중고패딩입는 47세 모솔남자,https://youtube.com/watch?v=ppxbSQdTEgM
188,탈모 독거노총각! 20대 홍대 미녀! 헌팅 도전! 성공? #직업의모든것,https://youtube.com/watch?v=0_rQhdMperE
189,41세 독거 노총각 명절에 집에 못 가고 외롭게 혼술 Mukbang eatingshow,https://youtube.com/watch?v=Surl_KpzBfk
190,독거 노총각보다 나은것은 이것밖에 없네,https://youtube.com/watch?v=NIx4J1lGQUA
191,백수 브이로그. 독거노총각 아니고 독거이혼남 맞습니다. 미니멀리스트. 미니멀라이프,https://youtube.com/watch?v=bn7vALbN5gE
192,독거노총각 패러디 주식인의 주식하는방법,https://youtube.com/watch?v=ktDf8TX5LRA
193,40대 남자의일상 여자에 집착안해서 너무 행복한 40대 남자,https://youtube.com/watch?v=7meFKthVvXY
194,40대 독거노총각의 인생철학[40대인생탐구생활]9부,https://youtube.com/watch?v=vHlK6sXNncU
195,계란후라이 먹는 성공한 남자의 삶,https://youtube.com/watch?v=b-4P5xNMoAA
196,독거노총각 패러디/ 블랙데이,https://youtube.com/watch?v=XwIhSCZx0HY
197,나 혼자 미국산다 2부: 미국 독거노총각의 원룸내부 공개,https://youtube.com/watch?v=MlGm5LHnehM
198,아침  해장  소주8병   44살 독거 노총각,https://youtube.com/watch?v=0kmQAJMe62E
199,"독거노총각, 독거노총각 그리기, 독거노총각 그림",https://youtube.com/watch?v=WryYGx8ywNg
200,게임에서 낯선 남자를 만났지만 신기루인가..(독거노총각 패러디),https://youtube.com/watch?v=kJ-kmXG8f0M
201,40대 싱글의 삶 여자없어도 행복하다,https://youtube.com/watch?v=rIjRPdaFUJQ
202,나 혼자 미국산다 1부: 독거노총각 월세 200만원 주고 이렇게 삽니다.,https://youtube.com/watch?v=GNzYDcNbnu8
203,오래살려고 매일 김밥먹는 남자,https://youtube.com/watch?v=f8HgCL9tVOY
204,"독거노총각, 해장을 해본드아",https://youtube.com/watch?v=2txeZJLu0aI
205,[시즌1] 6부 독거 노총각 형님!! 아우가 먼저 갑니다 l 운명적인 그녀와의 만남 l 백수 노총각 솔로 탈출 l 백수 노총각 결혼 l 백수노총각의 삶 l 독거노총각,https://youtube.com/watch?v=ptNst-Nz8Fk
206,모란 독거노총각이 살아가는 법,https://youtube.com/watch?v=O5LhiDJbEbY
207,고독사 피할려고 운동도 잘하고 어묵요리 잘하는 남자 3천만원짜리 14평 1인가구의 삶,https://youtube.com/watch?v=M0fnCcc7Om8
208,독거노총각 고백 논란 정리,https://youtube.com/watch?v=d3ZdRrQinzE
209,[몰카] 독거노총각 형 옆에서 여자들이랑 3대3 여행 계획을 세운다면?ㅋㅋㅋㅋㅋ,https://youtube.com/watch?v=lVJ2x3MJjdY
210,[46살노총각] 독거노총각 혼밥 혼술 반주소맥 집반찬먹방 계란말이mukbang  asmr,https://youtube.com/watch?v=P6w2YQOfNsQ
211,인천구월기사식당  ₩7000 독거노총각점저,https://youtube.com/shorts/hUNiWsqDe70
212,[관상]★평생 여자운이 없는 '노총각 관상' - 몰아보기 편★#독거노인 #독거노총각 #노총각 #홀아비팔자 #홀아비 #독신,https://youtube.com/watch?v=3vLFXjPZra0
213,(51세 독거노총각)일어나자마자 카레에 햇반 2개 흡입ㅠ.ㅠ,https://youtube.com/watch?v=djzpe85AiVs
214,독거노총각 : 오늘 저녁은 쑥갓에 한라산 찍먹!,https://youtube.com/watch?v=Bk3df1xBFz0
215,외로운 인생 | 독거노총각들의 연인 신기루,https://youtube.com/watch?v=x95kFjUIBng
216,독거노총각 텍사스 브리스킷 만든날,https://youtube.com/watch?v=zHsMAwn-ojA
217,독거노총각의 필수품 효자손,https://youtube.com/watch?v=8r_O7gG0iTU
218,독거노총각의 오뎅찌개ㅋ,https://youtube.com/shorts/ePWibnO3-1w
219,29금 69스타일로 44살 독거 노총각,https://youtube.com/watch?v=yq2-8H3T7Gs
220,[시즌1] 11부 백수 노총각의 삶 l 독거 노총각의 삶 l 10월 초 촬영 영상입니다(,https://youtube.com/watch?v=VZQDgmkjyS4
221,독거노총각ㅣ1분 만에 그리기 #shorts,https://youtube.com/shorts/EOS-b40xW2E
222,탈모 독거노총각! 여자없는 혼밥 인생! #직업의모든것,https://youtube.com/watch?v=ISvDzapANVE
223,행복한 하루를 시작해보아요 #독거노총각,https://youtube.com/watch?v=ZeKFFKpl8XI
224,60kg이 넘는 통통녀의 삶 (Feat. 독거노총각),https://youtube.com/watch?v=NmUHihjf7nU
225,[독거노총각] 자린고비마음으로 굴비를 먹어본드아,https://youtube.com/watch?v=bgtg26n69O4
226,"나는 얼마를 쓰고, 얼마를 모으나? 일반 직장인 독거노총각 월급과 생활비 (동탄 야간산책 중에 드는 생각 주저리)",https://youtube.com/watch?v=jd5rfpmip6s
227,한글화마스터의 VLOG Vol 15 - 40대 독거노총각의 일상이야기 PART.3,https://youtube.com/watch?v=CMish_hxRN0
228,독거노총각 오리고기를 묵는드아,https://youtube.com/watch?v=LiauljKriig
229,독거노총각이 추석을 보내는 방법,https://youtube.com/watch?v=dO1_85a6a6M
230,30대 옥탑방 독거노총각 / 나혼자다 정말 독립하다,https://youtube.com/watch?v=FTm8mCFbXGo
231,"40대 독거노총각, 여자 분냄새에 환장하지 않는 삶! 취미로 극복하는 마법사의 삶! (FT 레몬밤)",https://youtube.com/watch?v=yK8ZCgAYZqI
232,여자 여자 여자 유튜버가 그리는 독거노총각(독거노총각 패러디),https://youtube.com/watch?v=lpz9gaYzH70
233,독거노총각 아무것도 가진게 없는 삶 (난 누구 뭐하지?),https://youtube.com/watch?v=JawRyrqqb9k
234,삶을 즐기려면 그만큼의 노력과 대가가 있어야 한다,https://youtube.com/watch?v=Wyv1XmowNRc
235,통나무집 닭갈비를 먹어본드아 #독거노총각,https://youtube.com/watch?v=UEx8MoTuK2k
236,탈모 독거노총각! 혼밥! 여자 없어도 산다! #직업의모든것,https://youtube.com/watch?v=sr3j2snA7WY
237,인니노총각의 자가격리 이야기 #독거노총각 #해외입국자 #인도네시아,https://youtube.com/watch?v=RASKBEw5Dbw
238,[VLOG] 40대 탈모 독거노총각! 경상도노총각! 삼성동 선아! 함께한 매직쇼!,https://youtube.com/watch?v=Y9JzMzuTRVE
239,독거노총각에 참치김찌찌게ㅋ,https://youtube.com/shorts/NNIHU_B-0bI
240,들깨팍팍 뼈해장국 독거노총각 한끼 #Shorts,https://youtube.com/shorts/KDR-YXPMC7Q
241,"신선설농탕,서초동/독거노총각 한끼 #Shorts",https://youtube.com/shorts/_gGtDeRmF-4
242,CU 편의점 먹방   44살 독거노총각,https://youtube.com/watch?v=Ai2u81r-6mA
243,울산 아파트에 반해버린 유튜버 독거노총각이 내집마련TV에 떴다!!전국민 월세 지원 프로젝트! ㅣ월세줘홈즈 1화,https://youtube.com/watch?v=ShWjBaEZ_i0
244,독거노총각의 전복 요리맛은?,https://youtube.com/watch?v=tygpa0uvdzg
245,독거노총각 성대모사,https://youtube.com/watch?v=5ni3emWVmaY
246,40대 남자 혼자살아도 문제없는 삶,https://youtube.com/watch?v=KZHxY2PT9_M
247,테슬라로 직장을 탈출한  독거노총각의 이야기,https://youtube.com/watch?v=5ogUwrbwh9I
248,독거노총각 붓펜으로 그려보기,https://youtube.com/shorts/XMfJ3DPcFA8
249,테슬라 몰빵투자자 가을산책! #산책 #가을 #독거노총각 #테슬라,https://youtube.com/watch?v=0k003pq7TsU
250,40대 남자의 결혼을 포기한 삶,https://youtube.com/watch?v=5cPw9lW7CXQ
251,"순대국밥,독거노총각 한끼 #shorts",https://youtube.com/shorts/4QKo29bdu-M
252,"40대 노총각, 나이 들어서 혼자 산다는 건 (독거 노총각의 장점 및 단점과 에피소드) [솔로몬]",https://youtube.com/watch?v=tlyrRfb47QI
253,만46세 만44세 노총각 둘이서 냉면먹고 야구공 던지기,https://youtube.com/watch?v=iqISPXse-Iw
254,독거노총각 스타일 (독거밀집사의 일상이야기) 산책,https://youtube.com/watch?v=TWJnvxJenjs
255,"독거노총각, 올해 크리스마스도 혼자 보내본드아, 여자에 환장하지 않는 삶",https://youtube.com/watch?v=J8BZUWseViU
256,미국에서 호텔살이하면서 독거노총각한테 빠져버리는 영상,https://youtube.com/watch?v=-qLPEXv5aCQ
257,테슬라 몰빵투자자 가을산책! #산책 #가을 #독거노총각 #테슬라,https://youtube.com/watch?v=e1GyZT4txGk
258,40대 외노자 독거노총각,https://youtube.com/watch?v=LwvyIL_Hrf4
259,집들이를 가장해 40대 독거노총각 집을 급습했습니다,https://youtube.com/watch?v=VerDCMQWyq0
260,독거노총각 탈출하는 법 주식해서 벼락부자 되는 기법,https://youtube.com/watch?v=ghtH1Jnd5qc
261,단백질에 집착하지 않는 삶 (독거노총각 ver),https://youtube.com/watch?v=2K-gSYMFx4s
262,독거노총각 일상이야기 혼술                        구수한사투리,https://youtube.com/watch?v=MzKD0TgHvx8
263,가지볶음을 해본드아 #독거노총각 #테슬라,https://youtube.com/watch?v=iF3QFVZpRq4
264,오버워치에서 45세 모태솔로 독거 노총각 만남,https://youtube.com/watch?v=D1uLPD1bPH4
265,배달대행 브이로그 / 독거노총각 따라하기,https://youtube.com/watch?v=v6kmu3AGArk
266,독거노총각 패러디] 퍼스트 클래스타고 대저택으로 가게 된 갓 해고당한 백수의 하루,https://youtube.com/watch?v=uJ9Gh-NRF-M
267,필름경력23년 독거노총각 김영빈 팀장의 가구만들기 대작전(2/2)  ep1.이동식 아일랜드장,https://youtube.com/watch?v=9X3x7D9N4C0
268,시골삼류독거노총각은고급문토스트를먹었습니드아~비둘기들도고급토스트는아는지날아들었드아~~!!,https://youtube.com/shorts/qGg9TXmxTvg
269,독거노총각의 나홀로 전국일주 Day1 - 태안은 처음인걸?,https://youtube.com/watch?v=R0kCXjsDtR4
270,2021년 추석  제사 준비 새벽 나혼자   독거노총각 제사,https://youtube.com/shorts/2bqYRiCmSbU
271,독거노총각에 아침밥 ^^,https://youtube.com/shorts/gCWCnqMOC58
272,탈모 독거노총각! 배달 알바 인생! 여자 없는 외로운 삶! #직업의모든것,https://youtube.com/watch?v=OOT-84XBMcE
273,독거노총각도 한수 접고가는 궁상力만렙 셀러(7.5평 온라인 셀러 브이로그),https://youtube.com/watch?v=3il-yaWuZ0A
274,"독거노총각, 저녁 치킨을 묵는드아",https://youtube.com/watch?v=qpJ7NCfhUKo
275,한글화마스터의 VLOG Vol 13 - 40대 독거노총각의 여자없는 삶 PART 2,https://youtube.com/watch?v=Tx29FBOwTSg
276,독거 노총각 말투따라하기 주식단타 계좌공개,https://youtube.com/shorts/avFHiupZgZ4
277,40대 독거노총각의 관상을 보고 왔습니다,https://youtube.com/watch?v=o48CpZi6lEg
278,"모태솔로.43세 탈모독거 노총각 형님과 함께하는 특별한 저녁식사(ft:불닭볶음면,후추,와인)",https://youtube.com/watch?v=ahB-mTkR2fU
279,참치대가리  44살 독거 노총각,https://youtube.com/watch?v=BKikdplmOEo
280,#독거노총각#백수노총각TV#패러디 백수노총각TV 와 서로 생각이 틀린 동상이몽 이야기... 여러분이 판단하십쇼!,https://youtube.com/watch?v=9crXWW26v00
281,"독거노총각, 마트에서 알뜰 쇼핑을 하고왔드아  입니다",https://youtube.com/watch?v=S-HWEytpajo
282,독거노총각,https://youtube.com/watch?v=qwB1n1WvFlQ
283,"독거노총각,에게,열심히사는,착한,캄보디아여성,소개시켜드리기,",https://youtube.com/watch?v=j1UMKe05RZc
284,"돼지국밥 독거노총각 한끼,8000원 인천불로동 #Shorts",https://youtube.com/shorts/Z7goWWK1Ezc
285,독거노총각 패러디에 꽤 진심인 편 | 대전노처녀,https://youtube.com/watch?v=HlCSV0rkVKU
286,[사투리먹방] 밥묵자 독거노총각 밥상 시골밥상  춘천 닭갈비먹방 Elderly bachelor living alone mukbang.,https://youtube.com/watch?v=FEaMQYu3r2I
287,강아지 산책 - 독거노총각 컨셉 - 최고 훈련사의 노하우,https://youtube.com/watch?v=22iYT-E0hEQ
288,구독자에 환장하지 않는 유튜버의 삶 (feat. 독거 노총각) 캠핑 유튜버 vlog,https://youtube.com/watch?v=WMqt1Li2GDQ
289,한국을 너무 사랑하는 다재다능한 대만 독거노총각 [대만 일상 브이로그],https://youtube.com/watch?v=vLPqdMI0FNM
290,독거노총각과 술한잔 어때요?? 40대 노총각의 결혼은.....,https://youtube.com/watch?v=oxMMTHuVyl4
291,서울 대낮에 고라니 로드킬? (feat. 독거노총각 패러디) ∥ 고마 니 좀 도마치재! 1부,https://youtube.com/watch?v=eQCAu-M0rGw
292,독거노총각,https://youtube.com/watch?v=c_Q0xj8tu8E
293,"독거노총각, 간고등어를 묵는드아",https://youtube.com/watch?v=-x8qJl3ZVAk
294,독거노총각의 마늘쫑 뽁음😏😏😏,https://youtube.com/watch?v=91igTuBdhzo
295,3천만원짜리 아파트에서 사랑을 기다리는 삶,https://youtube.com/watch?v=ujMmxN5qxMA
296,"40대 독거노총각, 30대여자와 맞선 보고 멘붕 온 이유",https://youtube.com/watch?v=l7L45UZZclA
297,독거노총각 유튜버 형님 성대모사를 해 봤습니다.(Feat.백수),https://youtube.com/watch?v=ucCglTHAplA
298,독거노총각 텍사스 비프립 먹는날,https://youtube.com/watch?v=M9t4dLN-rj8
299,41살 모란 독거 노총각의 절규 [후편],https://youtube.com/watch?v=IFJJiLhVzhU
300,3천만원 짜리 아파트에서 벌어진 일 48세 장가 못간 남자에게 일어난 일,https://youtube.com/watch?v=cerZsDloqeo
301,EP.9 [제주도생존기] 독거노총각 형님과 역대급 콜라보. 협재해수욕장,https://youtube.com/watch?v=CUv9wMFcNd4
302,독거 개그맨의 일상 이야기이 개그를 하지않는 삶의 행복 (Feat. 독거노총각),https://youtube.com/watch?v=Z0oJ66ZCUwE
303,평택이가 못간곳을 찾아서 #독거노총각 #먹두리,https://youtube.com/watch?v=nE9mfQnbYDo
304,"제육볶음백반정식,독거노총각 한끼/서울역근처대지식당 #Shorts",https://youtube.com/shorts/9eTOe7M4uiA
305,독거노총각. 제주흑돼지를 처음 먹어본드아,https://youtube.com/watch?v=E2LhP34kEDI
306,토요일 산에서 불고기 덮밥먹고 저녁에 새우버거 세트 먹는 남자,https://youtube.com/watch?v=-X6eu4Lr4y4
307,독거노총각의 아침밥,https://youtube.com/watch?v=lTLGyiD5_NQ
308,"독거노총각, 고등어구이를 해본드아",https://youtube.com/watch?v=kuE-y0Aod-A
309,우동을 먹는 백수 초보유튜버의 한계,https://youtube.com/watch?v=XJy3zhLhEoA
310,순대곱창전골-독거노총각의 장안동외출 한끼(with good friends) #Shorts,https://youtube.com/shorts/6ZDQQgWOMW4
311,사실 저에게 딸이있습니다 !! (옥탑방 독거노총각),https://youtube.com/watch?v=YdZ0vKXh1EU
312,독거노총각 Ver 해설,https://youtube.com/watch?v=hmmbb8vak6o
313,막퍼주는시골밥상(연수동) 독거노총각 아침한끼 8000원,https://youtube.com/shorts/VKf2ae3DteU
314,"독거노총각, 성게미역국을 묵는드아",https://youtube.com/watch?v=GxsaSzUKycY
315,김민지 하트 독거노총각,https://youtube.com/watch?v=ig9v5Q43wm8
316,"백수 독거노총각, 성게죽으로 아침을 묵는드아~",https://youtube.com/watch?v=HFIGVFfcmm8
317,친정에 다녀왔어요 #독거노총각 #추석 #백수,https://youtube.com/watch?v=ibjMqTRc6eA
318,독거노총각 감자밥을 해본드아,https://youtube.com/watch?v=kIcLr3n7V30
319,비혼주의자는 정말 결혼 생각이 없을까 | 모태솔로 독거노총각,https://youtube.com/watch?v=b2Ngfx4_Qqs
320,탈모 독거노총각! 짜장면만 먹는 인생! 여자없는 외로운 삶! #직업의모든것,https://youtube.com/watch?v=VY314B3vKE8
321,오뎅찌게백반₩8000/인천송도소재 독거노총각 한끼,https://youtube.com/shorts/jnY0tpdXb78
322,40대 독거 노총각의 자취생활 l 취미는 피규어수집 l 은평구 빌라편,https://youtube.com/watch?v=_TX3NkFfC5o
323,"독거노총각, 커피소주를 들고 황소의 구슬을 팅구러 가본드아",https://youtube.com/watch?v=H5pu-pWkqWs
324,30대 게이머의 여자없는 삶 (독거노총각님 패러디),https://youtube.com/watch?v=S4PNKthjHIo
325,독거노총각 산행,https://youtube.com/watch?v=rBpVTBD1BiM
326,옥탑방 독거노총각에 일기 ~~ 음악이나 들으시죠,https://youtube.com/watch?v=_FFEE0nSlc4
327,탈모독거노총각 형님과 둘이서 홍대 코노 접수하다,https://youtube.com/watch?v=XaIp4vYwCaU
328,독거노총각 형님 성대모사,https://youtube.com/watch?v=JWiuV8aVZ3A
329,독거노총각에 김치오뎅 찌개,https://youtube.com/shorts/n98eu2UPvO4
330,23세기음유시인WMD #feat독거노총각#노래커버#신기루,https://youtube.com/watch?v=2-pLZdqQS5Y
331,소주 17병 및 가수 초대    44살 독거 노총각 부둣가정 이랑,https://youtube.com/watch?v=qAf_aema3F0
332,독거노총각에 닭간 찌개 식사들하세유^^,https://youtube.com/watch?v=CvdyA3W2tSE
333,[독거노총각] 밥먹을때 만큼은 왕처럼 먹어본드앙 #왕의밥상,https://youtube.com/watch?v=ZWbLOx5NsIg
334,"독거노총각, 아침산책을 다녀왔드아",https://youtube.com/watch?v=6ZOIQNgE94g
335,(공포스릴러) 이슬이와 함께한 공포의 크리스마스 #독거노총각 #독거노총각패러디 #덕후,https://youtube.com/watch?v=YiqSeZ0m4Hk
336,"독거노총각, 반건조오징어를 묵는드아",https://youtube.com/watch?v=YHdwgDmQn6o
337,"독거노총각, 포항 물회를 점심으로 먹어본드아",https://youtube.com/watch?v=lWDO8Bz6CWA
338,독거노총각이 좋아하는 사람앞에서 일어나는 일....ㅋㅋㅋ #Shorts,https://youtube.com/shorts/nr7b6t3vB94
339,독거노총각의 점심식사 : 테슬라몰빵 413주,https://youtube.com/watch?v=nVfIWvqBKI8
340,안보셔도 됩니다.(독거 노총각 필리핀 버전 아닙니다),https://youtube.com/watch?v=B87iWFLTISE
341,[연애심리]독거노총각이 되기 싫은 분들은 꼭 봐야하는 영상,https://youtube.com/watch?v=eS2RnCf9tjc
342,강화밴뎅이회무침 부개동소재 ₩9000 독거노총각 한끼 #Shorts,https://youtube.com/shorts/fMwsCWRTTKI
343,독거노총각과 오버로드는 연인일까 웬수일까,https://youtube.com/shorts/n7Yp8SIMLWg
344,독거 노총각 지상렬의 노란 테이프..ㅜ_ㅜ 후원 문의 ☎080-XXX-XXX 냉장고를 부탁해 93회,https://youtube.com/watch?v=b03F_Yf8YMY
345,배달대행 하태봉 곧 독거노총각 따라잡다.!,https://youtube.com/watch?v=4DLnrfGwMuw
346,독거노총각의 나홀로 전국일주 Day2 - 배를 처음 타보다,https://youtube.com/watch?v=RxLV2J5tFkw
347,파일코인 6222개 독거 노총각의 입양! 자식을 키운다고 생각하자 농사 매매에서 중요한 것은 종목에 대한 믿음이다. 그 신념이 옳은지 그른지 생각 말고 끝까지 매집하자 ipfs,https://youtube.com/watch?v=7gXgPSF7Chc
348,30대 독거노총각 7개월만에 냉장고 청소했는데...,https://youtube.com/watch?v=grhkagnI9lw
349,통발  재료는 바다 내장고에서    44살 독거 노총각,https://youtube.com/watch?v=X8ihA2YJHxY
350,홍콩 독거 노총각 생일 미역국 혼자 끓여먹기 | 소고기 미역국 황금레시피,https://youtube.com/watch?v=9zNs1TTSJiI
351,"독거노총각, 주사를 맞고 공원에 왔드아",https://youtube.com/watch?v=OGRT3GObioA
352,"독거노총각, 하루 한끼를 묵는드아",https://youtube.com/watch?v=xl8IUzXbeIo
353,[ch.찡💧] 예비신랑 양준혁의 독거 노총각 시절😂｜#찡 #MBClife (MBC 131221 방송),https://youtube.com/watch?v=z4P6HPXxy70
354,40대 남자의 여자없는 삶,https://youtube.com/watch?v=LzCVT4VYIRk
355,베트남 다낭에서 나는 혼자 산다 ㅣ 독거남 ㅣ 독거노총각 덜덜덜,https://youtube.com/watch?v=QLez0s2Z274
356,미국에서 빨래하기 2탄(독거노총각ver) #shorts,https://youtube.com/shorts/xYp6nhEGh9k
357,미국에서 빨래하기 1탄(독거노총각ver) #shorts,https://youtube.com/shorts/X2VBZjEuYjI
358,독거노총각에 소세지양파 뽁음^^,https://youtube.com/watch?v=emhPcOEoldw
359,20세기 1인가족 독거 노총각은 목조주택 건축의 대가였고 고독사 하지 않았다-박경리『토지』윤보 목수편/ 2022 06 10,https://youtube.com/watch?v=Su8Y0w5SjAA
360,독거노총각 화려한 저녁식사,https://youtube.com/shorts/zYYyWpVp4rc
361,한글화마스터의 VLOG Vol 12 - 40대 독거노총각의 여자없는 삶(독거노총각 패러디),https://youtube.com/watch?v=mK9t0VTMdHM
362,40대 할 일없는 독거노총각의 하루 뒹굴,https://youtube.com/watch?v=-NQ6wK0ZVMY
363,워킹맘의 삶 독거노총각 버전 (워킹맘의 일하고 밥 차리는 행복한 삶),https://youtube.com/watch?v=tnLcZwJBaUY
364,40대 독거노총각들이 혼자 살수 밖에 없는 이유,https://youtube.com/watch?v=5MorarKR8Ac
365,#오늘마카세 #노브랜드마트 #냉동찜닭 #독거노총각 따라하기,https://youtube.com/watch?v=o7Jsqjs2Aug
366,40대 독거노총각 이벤트날보다 여자가 좋은 이유 [탈모노총각]10부,https://youtube.com/watch?v=vNAPqREBciM
367,독거노총각(Korean Youtuber_Old bachelor cinematic vlog),https://youtube.com/watch?v=bJD1aKbNtE0
368,"독거노총각, 한라산과 샤인머스켓으로 한잔 해본드아",https://youtube.com/watch?v=MNeE8Xf-Xq4
369,파산한 40대 독거노총각이 찐독거노총각의 영상을 보며,https://youtube.com/watch?v=nKaC-LmLjjc
370,독거농촌각 통풍시러 #독거노총각 #먹두리,https://youtube.com/watch?v=CCSfF8ZAqIs
371,떡 스넥면을 묵는드아 - 독거노총각,https://youtube.com/watch?v=fUemCWkHLyo
372,"호주독거노총각의 트레이닝 (유투브 뻔치, 유투브 킥)",https://youtube.com/shorts/edRB66DsCU0
373,"41살, 독거노총각 은퇴합니다. (테슬라 몰빵 투자자)",https://youtube.com/watch?v=bZn1pa6sJrA
374,[독거노총각 패러디] 주식유부남의 인생이야기(feat.설특집),https://youtube.com/watch?v=RmpmaqhMbUc
375,쏠로들의 음주 파티! 탈모 독거노총각! 삼성동 노처녀!,https://youtube.com/watch?v=Jm_EnrjNOcI
376,"닭곰탱이파닭계장,독거노총각 한끼 청라점 #Shorts",https://youtube.com/shorts/sI06Wwwj0SY
377,리니지m [막피] 56살 독거 노총각의 막피 이야기,https://youtube.com/watch?v=Pv7DZKffanY
378,여자 없는 콘텐츠로 떡상하더니 여자 찾는 유튜버? '독거노총각' [개앵그리_ 개념 앵커가 본 그들만의 리그],https://youtube.com/watch?v=0yv6qV1942g
379,"[ 캄보디아 ] 독거유부남의 독거노총각 버젼 / #독거노총각,#북어국, #저녁만찬 / Life in Cambodia",https://youtube.com/watch?v=tPTifsv1q30
380,결혼  비혼 둘다 답이 없는 이유  #독거노총각,https://youtube.com/watch?v=u5H6u5P2YE4
381,독거 전업투자자 빵뜩이 주식이야기(독거노총각 패러디),https://youtube.com/watch?v=7zbGzEQZ-yE
382,"편의점은 역시 CU! 높은 연봉 좋은 직장, 40대 독거노총각은 왜 퇴직 했을까? [백수노총각 인터뷰 3부]",https://youtube.com/watch?v=1L3FDSzQCWc
383,독거노총각 : 선물폭탄이 왔드아,https://youtube.com/watch?v=WJDnh1FHVJM
384,아침부터 투덜투덜~ 독거노총각님 흉내내며 기분전환! 평일캠핑이 좋은이유!,https://youtube.com/watch?v=UJ2lpE1jfho
385,시 : 머구리의 원 #shorts#독거노총각#시인#solo#일상vlog,https://youtube.com/watch?v=cGfdrsLx_BA
386,독거노총각의 무순 키우기,https://youtube.com/watch?v=gTRkl8UADqw
387,[독거노총각] 굿바이 2020 독(Dog)거노총각 브이로그 / 이탈리안 그레이하운드,https://youtube.com/watch?v=5gJvPuQ6J44
388,독거노총각 패러디,https://youtube.com/shorts/IHeqCnMDMZ0
389,"백수 독거노총각, 집에서 먹는 개밥의 맛은?",https://youtube.com/watch?v=PZWTxY8HCYI
390,족발! 그리고 독거노총각,https://youtube.com/watch?v=f2O3qqHOC28
391,"독거노총각, 남들 출근할때 뒷동산에 올라가본드아",https://youtube.com/watch?v=naNK08YAkdU
392,월세 16만원 필리핀 독거노총각 방 공개,https://youtube.com/watch?v=h1CvwrBq5dg
393,필름경력23년 독거노총각 김영빈 팀장의 가구만들기 대작전(1/2)  ep1.이동식 아일랜드장,https://youtube.com/watch?v=5O7nfZfGxMc
394,30대 옥탑방 독거 노총각 청년 올란도차 나도 카푸어?,https://youtube.com/watch?v=j4y94LeEq6s
395,독거 노총각의 쓸쓸하고 고독한 첫끼 식사.,https://youtube.com/watch?v=VGkhojwin4g
396,독거노총각 패러디 ㅋㅋㅋ 발가락이 부숴져버린 모솔 한국 이주 중국인의 삶,https://youtube.com/watch?v=7LStZD_McyY
397,칠천도 독거노총각버젼,https://youtube.com/watch?v=uRqzeQctPDI
398,독거 노총각 따라하기,https://youtube.com/watch?v=mPKt6pSNe1o
399,독거노총각: 흐린날의 뒷산에서..,https://youtube.com/watch?v=FaJ4ICaOBZM
400,내일이 없는 삶(feat독거노총각),https://youtube.com/watch?v=TN_1qsk3s2w
401,"[서울에 전세 1억은 어떨까?] 35세 독거노총각의 전세 1억/관리비 0원 빌라 이사하기 I 서울 강서구 I Feat. 에쎄, 이준",https://youtube.com/watch?v=C8A6-FP-WZI
402,"한국의 독거 노총각들도 귀빈대접 받을 수 있는 동유럽 최빈국 몰도바, 제대로 된 남자가 부족해 연애를 못하는 몰도바의 고학력 금발미녀들",https://youtube.com/watch?v=jHbIE_kx2DU
403,#독거 노총각 패러디 #중국 삼성 #노총각,https://youtube.com/watch?v=unGvLkp2BYw
404,""" 독거노총각 "" 페러디, 나도 독거노총각 이다. 쿠팡이츠 일상이야기 여자는 사치일 뿐이다.ㅣ그날을담다ㅣ",https://youtube.com/watch?v=J9Nwu3uG1_s
405,독거노총각 반대인 40대 전업투자자의 장끝난후의 삶 여자에게 돈 쓰지 말고 주식사라 존리,https://youtube.com/watch?v=nwYzeFJQ6q4
406,[일용환의삶vlog]8화 솔크 (독거노총각 컨셉편),https://youtube.com/watch?v=d-i139nCxvs
407,드라이브 잡담 #독거노총각 #병문안 #개고기 #drive #vlog,https://youtube.com/watch?v=tZyjzAwPwyE
408,독거노총각은 이렇게 밥먹는다.귀차니즘 심해서 국에다가 밥말아서 대충 ㅋㅋ혼자 먹는 만두국 가성비가 개쩔음,https://youtube.com/watch?v=qm_Lgsl9qs8
409,시골로 귀촌한 독거노총각에게 온 구독자 택배 언박싱,https://youtube.com/watch?v=07JenNi1H7U
410,독거노총각이 만나는 여자는 신기루인가 .. .,https://youtube.com/watch?v=P9wnTXHCXgQ
411,독거노총각의 크리스마스(Christmas of the old bachelor),https://youtube.com/watch?v=Nupc-y8XSqA
412,"독거노총각, 피자를 먹어본드아 (feat 친척형의 테슬라 주식 근황)",https://youtube.com/watch?v=L3t0tfOB-GY
413,독거노총각 반대인 40대 전업투자자의 삶 여자 여자 하지말고,https://youtube.com/watch?v=FMLNeFniBNM
414,10평 원룸에서의  삶 브이로그 (독거노총각 님 패러디 Vlog),https://youtube.com/watch?v=ogjUqvkb2dI
415,독거노총각 혼밥 먹방,https://youtube.com/watch?v=DGz6iWCEuTk
416,독거노총각이 알려주는 여자 이야기 3천만원짜리 여자없는 아파트에 놀러 갔다 / 양파즙,https://youtube.com/watch?v=gs8nh1BqTJg
417,스팸튀김 리뷰 네네치킨 사이드메뉴 나왔데! 독거노총각 치킨먹방 성대모사 치진남,https://youtube.com/shorts/vDQevYa0FHw
418,테슬라 몰빵투자자 가을산책! #산책 #가을 #독거노총각 #테슬라,https://youtube.com/shorts/4tQqF7tvq5o
419,좃댔다 평택핵폭격기 요술누나 합방예정 #독거노총각 #먹두리,https://youtube.com/watch?v=-kk4GaZyvbQ
420,[동네 노래자랑] 탈모 독거노총각! 김빈아 1집 신곡! 순자야! Live~~,https://youtube.com/watch?v=i72uSljO2W0
421,"독거노총각, 늦은 오후 잠시 가을을 느껴본드아~ #독거노총각 #미국주식 #테슬라",https://youtube.com/shorts/6866x3FUr38
422,독거노총각님 반기는 강아지,https://youtube.com/shorts/3mqlGDXSQuc
423,여러분의 소중한 후원 인방쓰레기들 잡는데 쓰겠읍니다 #독거노총각 #먹두리 #북두신권,https://youtube.com/watch?v=Cg3FimkyM0Y
424,[나혼자 먹방] 독거노총각 라면먹방 김밥먹방 혼밥  Budaejjigae Ramen Mukbang Gimbap Mukbang Solo Bachelor Ramen Mukbang,https://youtube.com/watch?v=XdP6bzV-9xU
425,백종원 사라다빵 만들기 (독거노총각 버전),https://youtube.com/watch?v=-0fUBmoIXOY
426,독거노총각  패러디  여자여자하지말고 녹차나 마시란 말이야~,https://youtube.com/watch?v=WJ30mrwpTGA
427,39살처먹고 호주전기기사 백수되다 | 호주독거노총각 호주에서 새삶을살다 | 한국전기기사 경력15년,https://youtube.com/watch?v=4hjYWUReK_Q
428,탈모 독거노총각! 명동 헌팅! 좌절후 먹방!  #직업의모든것,https://youtube.com/watch?v=pS4HGZCxmFc
429,독거노총각 반대인생 여자있는 40대 전업투자자의 삶 여자가 걸레질을 왜해 남자가 하는거지,https://youtube.com/watch?v=COVBNOOWwTI
430,독거노총각에게 사랑하는 여자가 생겼다 #독거노총각 #독거노총각패러디 #독거노처녀,https://youtube.com/watch?v=4lehalhc22Y
431,오류해변 / 캠핑카 타고 가서 후회하신 적 있나요?  / feat.독거노총각,https://youtube.com/watch?v=njLdN9sLvw4
432,돼지갈비      44살 독거 노총각 부둣가정 이랑,https://youtube.com/watch?v=E5LAZNFzsgQ
433,"독거밀집사의 등산 이야기 (독거노총각 패러디) 금식, 운동, 다이어트, 등산",https://youtube.com/watch?v=IMeQSmX1z_0
434,대한민국 40대 노총각의 여자없는 삶/탈모노총각TV3부,https://youtube.com/watch?v=dvexJ7dd948
435,"독거노총각의 나홀로 전국일주 Day4 - 제주(조천, 구좌)",https://youtube.com/watch?v=gz8mdVwV14c
436,독거노총각 상황극 성대모사,https://youtube.com/watch?v=xa0Ru63loFM
437,소주 4병 원샷    44살 독거 노총각 부둣가정 이랑,https://youtube.com/watch?v=mfI2jXHeq8c
438,독거 노총각의 내집 마련의 꿈,https://youtube.com/watch?v=ttIlTZFoe4g
439,독거노총각님 집에서 ‘모태솔로를 위한 곡’을 부르다 !,https://youtube.com/watch?v=-GEIAi6M_-U
440,행복이란 무엇일까 (feat.독거노총각),https://youtube.com/watch?v=tvokxXCHU5M
441,"독거노총각의 나홀로 전국일주 Day5 - 제주 성산 (feat. 섭지코지, 빛의 벙커)",https://youtube.com/watch?v=asY7q1CLzJA
442,가성비 좋은 g70 견적내보자 (feat.독거노총각),https://youtube.com/watch?v=P0BXW-8FQyY
443,독거노총각: 로제떡볶이와 파스타를묵는드아,https://youtube.com/watch?v=kpEO7tlc9Bg
444,[VLOG]한주의 일상 #11 독거노총각 감사합니다,https://youtube.com/watch?v=UIsEiGwJK38
445,탈모 독거노총각! 여자없는 외로운 삶! 라면 인생! #직업의모든것,https://youtube.com/watch?v=ppEPpKg3ZIA
446,독거노총각의 건강식 양파즙,https://youtube.com/watch?v=MZCBrS3EZHE
447,(독거 노총각 패러디)독거남의 콩나물밥 만들기 l 만들Go먹방Feat.독거노총각,https://youtube.com/watch?v=MGgJL9blBJc
448,독거노총각먹방 옛날밥상 시골밥상 시골가족,https://youtube.com/watch?v=CJ0awaSc7g8
449,독거노총각은 부자다  40대 전업투자자의 일상이야기 기도매매 비법,https://youtube.com/watch?v=qk3RMqqCW6I
450,탈모 독거노총각! 여자없이 혼자 잘사는 방법! #자취남,https://youtube.com/watch?v=Ie1e3aLIV5I
451,30대 독거노총각과 40대 독거 돌싱남의 우중충한 1박2일 체코 남부 보헤미아 여행,https://youtube.com/watch?v=TsAQBCd6QiM
452,851. 독박육아 아빠의 독거노총각 버전! 44개월 아기 아빠의 먹방! 한우 소비하였다!,https://youtube.com/shorts/JyJUUTDLBqA
453,독거노총각 가진게 없는 삶 앞으로 뭐하고 살지?? 작은 집에서 큰집으로,https://youtube.com/watch?v=QXD1I_KZYFo
454,노총각의 친구! 탈모 독거노총각! 경상도 노총각 2명! 동거 생활! 치맥!,https://youtube.com/watch?v=SYQDP73es_c
455,독거노총각 팔도짜장면 이벤트 응모 당첨 영상입니다/팔도짜장면을 내품안에 /,https://youtube.com/watch?v=uAbJQwMrY5g
456,독거노총각이 동묘에 가면 생기는 일/동묘 구제시장,https://youtube.com/watch?v=TXDJFWa7wC4
457,소소한 여행에 행복을 느끼는 50대 독거노총각,https://youtube.com/watch?v=v9y9XYCGosE
458,독거노총각의 초간단 집에서 맛잇게 오뎅탕 먹는 방법,https://youtube.com/watch?v=zsEF0OXvqMU
459,탈모 독거노총각! 명동 길거리 헌팅 도전! #직업의모든것,https://youtube.com/watch?v=jtJ28MpFvlQ
460,탈모 독거노총각! 여자 없는 혼술 인생! #직업의모든것,https://youtube.com/watch?v=iMp0Udcf8fY
461,춘삼이 김치찌개 레시피 공개 먹방 (반백수 탈모 독거노총각 옥탑방 브이로그),https://youtube.com/watch?v=hRluoGqDxeM
462,"Soldier Of Fortune /Deep Purple/cover 서울노총각 (feat. 독거노총각,  심수봉)",https://youtube.com/watch?v=5zF9RKePqWg
463,독거노총각 유튭만 틀면 tv앞에 앉는 노총각고양이🐈,https://youtube.com/shorts/AnmRsed5G2c
464,[코인패는 언니] 청산 후 우유배달?????? (독거노총각 ver),https://youtube.com/watch?v=fiB2iBZ4HoI
465,독거노총각에 저녁식사 ^^♡,https://youtube.com/watch?v=smxW3ow9yP4
466,크샨테 체험기,https://youtube.com/watch?v=zHdNyu5w5kY
467,"현재는 구걸,단칸방 독거노총각. 과거는 돈을 물쓰듯이 썼다 로또산타기",https://youtube.com/watch?v=8ZwntlzXNHQ
468,해장 하고  디비자자   44살 독거 노총각,https://youtube.com/watch?v=0yTtKbHPR4Q
469,"편안한 지하철(feat. 독거노총각, 싱글벙글)",https://youtube.com/watch?v=C8lK3fXrpH4
470,[동네 노래자랑] 탈모 독거노총각! 삼성동 독거노처녀! 듀엣 결성! 사랑의 배터리 - 홍진영,https://youtube.com/watch?v=AQsaBn1kYvw
471,Day530. 청년 브이로그 (독거노총각 패러디),https://youtube.com/watch?v=kBMCHk9ywJ4
472,"독거노총각,40.50대싱글남,캄보디아에서 행복하게 살기",https://youtube.com/watch?v=3GXcrObLMcg
473,아침은 과자(독거노총각 패러디)  #과자 #콘칩 #독거노총각,https://youtube.com/shorts/knDkXqTYItM
474,50대 독거노총각의 일상,https://youtube.com/watch?v=lJSRAIqL5xk
475,시 : 너 #shorts#독거노총각#시인#solo#일상vlog,https://youtube.com/watch?v=My_0nuMPIw8
476,독거노총각이 만든 스타크래프트 빌드,https://youtube.com/shorts/flDmPkSX6Qw
477,독거 노총각 형님 집에 놀러 가기 ㅋㅋ #shorts,https://youtube.com/shorts/VWOyRd12fY0
478,"나 어떡해(feat 독거노총각, 싱글벙글, 백종원)",https://youtube.com/watch?v=_1HRWUaDKeQ
479,[주말브이로그] 주말에 오지게 먹음 (독거노총각 버전),https://youtube.com/watch?v=nCkpM5GlHh8
480,#shorts  /갱년기를 보내는 독거노총각과 아가님의 늦은 연애이야기/ 독거노총각이 가을을 타지 않는 이유와 쌩라이브/ 문배마을 등산 후 먹방/ 잘 살아보세^^*,https://youtube.com/shorts/GXMQv2LWKt4
481,하다보니 광고를 찍었네. 독거노총각의 필수템 샤오미 침구용 진공청소기 언박싱 리뷰,https://youtube.com/watch?v=jfsOVzty_rU
482,[독거독락]망한 40대 백수 독거노총각의 혼자놀기 vlog 섬생활도 괜찮네,https://youtube.com/watch?v=EWEc01P4bTg
483,화곡동 고급 빌라(?) 사는 남자의 연휴 보내기 (Ft. 독거노총각 오마주),https://youtube.com/watch?v=mG2ajw4SY1M
484,(독거 노총각)3살에 거세하고 장가 못 가 외롭게 사는 노총각 호야 채소탐방기,https://youtube.com/watch?v=i0uEzyMNIfo
485,독거노총각의 새싹인삼 키우기,https://youtube.com/watch?v=4w5VaMBC8Mc
486,한글화마스터의 VLOG Vol 16 - 독거노총각의 일상이야기 PART.4,https://youtube.com/watch?v=Ap1Y_yc3KW0
487,칩거노총각 (feat.독거노총각),https://youtube.com/watch?v=i-Egq4n2wiU
488,40대 독거노총각 한시한끼 삼시세끼는무슨 먹고자고 짐승인가 짐승이지,https://youtube.com/watch?v=C1qUX_-xOL8
489,개집사의 하루! 반려견 삼형제의 Vlog - [독거노총각님 패러디 영상],https://youtube.com/watch?v=fZxeV64nJ08
490,#그까이꺼 #이프로 #독거노총각  #먹두리,https://youtube.com/watch?v=3j_e4MIQ5D0
491,유튜브 출근을 시작해본드아~ #독거노총각 #테슬라,https://youtube.com/shorts/PT5h3kB7Dww
492,필리핀 사는 50대 늙다리의 신혼일기. 50대 독거 노총각 일기를 써야지,https://youtube.com/watch?v=MeMoELScgJw
493,외벌이 아빠의 일상이야기 (독거노총각 패러디),https://youtube.com/watch?v=6iBXCkNFJ-0
494,혼자사는 독거노총각집에 보쌈을 들고가서 술을먹이자,https://youtube.com/shorts/mBMUPKIjQpk
495,리니지m [막피] 56살 독거 노총각의 은밀한 취미 생활,https://youtube.com/watch?v=3eLMq1ux1qw
496,탈모 독거노총각! 엑스트라 알바! 나홀로 외로운 삶! #직업의모든것,https://youtube.com/watch?v=tqsKfwNXMVU
497,독거노총각 밥먹자 나혼자산다 리얼 노총각 삶,https://youtube.com/watch?v=kWj4S6LSgHQ
498,"양평 강상면 농가집(feat. 그알, 독거노총각)",https://youtube.com/watch?v=2xKDY79fxbY
499,독거노총각 노총각의 삶 아침부터 먹방,https://youtube.com/watch?v=IXHImr7jbQA
500,"발리모텔 앞에서 욕구해결(feat 싱글벙글, 독거노총각)",https://youtube.com/watch?v=DyqFwTNuwl8
501,[노처녀Vlog] 독거노총각에게 빠져 든다아~ 그렇다고 내 취향은 아니뜨아 ~ /사랑은 신기루와 같따아 |~|||| 쉬운떡뽁이만들기,https://youtube.com/watch?v=EY538byx7nA
502,대전맛집/국민간식 삼쏘(삼겹살 소주)/나레이션(독거노총각st)/대원생삼겹/송촌동맛집,https://youtube.com/watch?v=8JCiTc9LMVc
503,독거노총각의 방 안에서 표고버섯 키우기,https://youtube.com/watch?v=406Euh305Vw
504,"갈비탕에 진심인 남자 (feat.신의한수, 독거노총각)",https://youtube.com/watch?v=frvLU6xqdFc
505,굴 보쌈 직접만들어 먹기  44살 독거 노총각,https://youtube.com/watch?v=8pN7-ktkaFs
506,독거 노총각 따라쟁이^^,https://youtube.com/shorts/L8qRqTRBU-U
507,나이 많고 머리 벗겨진 독거노총각들도 태국에서 여대생과 사귈 수 있을까?,https://youtube.com/watch?v=xr3UuU0nYF4
508,독거노총각 말투 따라하기,https://youtube.com/watch?v=e8Vqqi1C7CI
509,독거노총각의 나홀로 전국일주 Day3 - 드디어 제주도다 😍,https://youtube.com/watch?v=pFvzlV2lu78
510,"남양주시 다산생태공원(feat. 그알, 독거노총각)",https://youtube.com/watch?v=r7m0jjLPV6Q
511,뒷광고가 불가능한  조립pc 드래곤볼 모으기 (feat.#독거노총각 ver.),https://youtube.com/watch?v=16cLsNvbjxs
512,30대후반  독거 노총각 1인2역  찬반토론  혼자놀기,https://youtube.com/watch?v=fg3y0RANxSs
513,"해질녘 연신내역 3번출구(feat. 독거노총각, 그알)",https://youtube.com/watch?v=5G4NeYDB7Eg
514,된장찌개  참 쉽쥬?,https://youtube.com/watch?v=MH5mlXbMlGc
515,물말아먹기 독거노총각 고독한노총각 여자없는삶 일상먹방,https://youtube.com/watch?v=HiYA69dk0Cg
516,5만원 월세방에서 독거노총각 형님 따라하기 (독거노총각 패러디) 독거밀집사의 라면 먹방 이야기,https://youtube.com/watch?v=EZCgsgZOT38
517,(독거노총각)패러디 chapter8 매주 수요일에는 여자는 없어도 피자는 먹고 살아야 한다.feat 방문포장시 일부 품목 40%할인,https://youtube.com/shorts/n0yDvlym4EU
518,독거노총각 50000원으로 점 기미 쥐젖 죽은꺠 검버섯 전부 없애는 방법,https://youtube.com/watch?v=9478OYT0C7o
519,반지하 원룸 자취생 여자친구없이 크리스마스 보내는법  (feat.독거노총각),https://youtube.com/watch?v=5jXMWTGdvEo
520,[동네 노래자랑] 탈모 독거노총각! 김빈아 1집! 빙글빙글! Live~~,https://youtube.com/watch?v=SviF8WhrAdM
521,말레이시아 월 60만원짜리 콘도에서 독거노총각에게 받은 팔도 짜장면 먹방 / Jom makan makanan Korea Jjajangmen,https://youtube.com/watch?v=y8X8XJuGJgc
522,"광어회에 진심인 남자(feat. 독거노총각, 그알)",https://youtube.com/watch?v=-66ST0FZyT0
523,"3천만원짜리 인테리어, 괜찮은 업체를 보내주소서 (독거노총각 패러디)",https://youtube.com/watch?v=edQ-V8PNYdw
524,포천허브아일랜드(feat. 독거노총각),https://youtube.com/watch?v=bQ6L-Q9TV4A
525,독거노총각의  점심식사.귀차니즘 심해서 설거지 하기 싫기땜시 반찬은 조금만...그래도 나름 반찬 실속있음 ㅋ,https://youtube.com/watch?v=EkbzAwsTX8A
526,"초밥에 진심인 남자 (feat. 독거노총각, 그알)",https://youtube.com/watch?v=45FxhTxt5Xc
527,"참외에 진심인 남자(feat. 신의한수, 독거노총각)",https://youtube.com/watch?v=Nn7PNKuQi84
528,[독거노총각]이젠 휴지 그만 쓰고싶다,https://youtube.com/watch?v=7gF0S7nsfDc
529,노총각의 친구! 탈모 독거노총각! 여자 없는 외로운 삶! 노총각 인생 이야기!,https://youtube.com/watch?v=TQVh4H3VLwk
530,"강화군 길상면 꼬막한상(feat. 독거노총각, 그알)",https://youtube.com/watch?v=rXo8cpqEt6E
531,"흰뺨검둥오리와 대화하는 독거노총각, 영원한 solo",https://youtube.com/watch?v=FbmFITMcARE
532,독거노총각 패러디 한번 찍어봤어요^^,https://youtube.com/watch?v=NQ0Coxnv3QM
533,"나의 애인들 소개 (진유리, 공설아)",https://youtube.com/shorts/Ds-vEuDvAOg
534,"강화도 카페라르고(feat. 신의한수,독거노총각)",https://youtube.com/watch?v=DYC_ObT-TLw
535,독거노총각의 아침밥 ㅋㅋㅋ,https://youtube.com/shorts/kqPhXp9YBuQ
536,"숲속의 강남 아파트(feat. 신의한수, 독거노총각)",https://youtube.com/watch?v=LZPreVWaJ2o
537,독거 노총각 3호 초간단 볶음밥 만들기(feat 백종원),https://youtube.com/watch?v=73eC7nmFRlM
538,킹타이거 새우 숫불  44살 독거 노총각,https://youtube.com/watch?v=-uziYgNlKO0
539,(독거노총각)패러디 chapter7 여자는 없어도 건조기는 있어야 한다 feat 건조기 청소편,https://youtube.com/shorts/5-PVxI1jXv4
540,"독거노총각, 양배추를 삶아본드아",https://youtube.com/watch?v=uWa9An0pSoY
541,잡탕      44살 독거 노총각 부둣가정 이랑,https://youtube.com/watch?v=ZRRkgelp03M
542,45살 독거노총각의 먹방 10화 #vlog #브이로그,https://youtube.com/watch?v=bnAplx1nIik
543,강서구 화곡동 야화(feat 독거노총각),https://youtube.com/watch?v=y4YluA6mt90
544,반려견 5마리 키우는 독거 노총각이 장가 가려면 가장 중요하게 해야 할일. vlog,https://youtube.com/watch?v=fS9rlmA8Ajo
545,#독거노총각 #혼자사는삶 #시장먹방 다음영상기대해주세요,https://youtube.com/watch?v=a4qDdEfRVn8
546,[독거노총각]대한민국 여자들이 낼로 싫어 한다ㅠ,https://youtube.com/watch?v=G35v_wThY9Q
547,[독거노총각]소개팅 시켜주세요 말 잘들을께요,https://youtube.com/watch?v=jjG6aqCyTYM
548,"유튜버 캐리커처 그리기 (feat. 독거노총각, 대도서관, 감스트, 소련여자, 히밥, 수빙수, 입짧은햇님)",https://youtube.com/watch?v=9XxpYr7bD9s
549,독거노총각에 된장찌게^^,https://youtube.com/shorts/N5zb-WJNsqo
550,하남시 풍산동 싱그러운 아침6시(feat 독거노총각),https://youtube.com/watch?v=qsMPzuFTXKo
551,81회ㅡ독거노총각🧔 패러디영상👌 여자💏많이만나본 삶 난 행복하다?,https://youtube.com/watch?v=LRfNzDWOC3U
552,바질이 너무 잘자라네용 큐큐 #테슬라 #독거노총각 #경제적자유,https://youtube.com/shorts/9yv5ABmd9MU
553,코미디 단편영화: #독거노총각 그들의 비참한 최후. #웹드라마 의 틀을 깨는 #코메디영화,https://youtube.com/watch?v=5rXsZ00Do6M
554,"너무너무 친절한 여자 둘과 강원도 드라이브(feat. 그알, 독거노총각)",https://youtube.com/watch?v=QB22MVViyTI
555,"양고기에  진심인 남자(feat.독거노총각, 그알)",https://youtube.com/watch?v=jt3cd6ZqYWw
556,잘하네  대박    44살 독거 노총각,https://youtube.com/watch?v=j_HHcHXnat8
557,과자....회식  44살 독거 노총각 부둣가 정이랑,https://youtube.com/watch?v=7lCmnTw7nTU
558,라면  2틀날 44살 독거노총각,https://youtube.com/watch?v=rE3cOh3___M
559,"월 200도 못버는 한국의 독거 노총각들도 왕처럼 떠받들어주는 캄보디아 여성들, 제대로 찾으면 로또와도 같은 흰 피부의 중국계 혼혈 여성들",https://youtube.com/watch?v=T5O6oCUk-Dc
560,독거노총각 후속 총각김치 30년 전통  #short #shortvideo #asmr #shorts,https://youtube.com/shorts/63YKvl6u_54
561,"아내없이 레고만 만들면 생기는일_ LEGO6271,독거노총각 #shorts",https://youtube.com/shorts/KOg5-yDZOm8
562,[독거노총각]독거노총각 혼술,https://youtube.com/watch?v=koN6phOH1Q8
563,#닭볶음탕#혼술먹방#독거노총각심심하당놀아줘잉#편만대화해용#필승,https://youtube.com/watch?v=AUsrXhG6Asw
564,아가리 다이어터 와이프 독거노총각 말투로 조져봤습니다ㅋㅋㅋ 여보 핑계 좀 대지마!!,https://youtube.com/watch?v=jPEqhyF0bH0
565,독거노총각 형님 새로운 유튜버를 발견했습니다,https://youtube.com/watch?v=HQgUu1ilABQ
566,[독거노총각]제 영상이 재미있었다고 한다,https://youtube.com/watch?v=cBCIL8r5Z-U
567,옥탑하면 미나리 삼겹살! 솥뚜껑 삼겹살 먹방 /반백수 말더듬이  독거노총각 옥탑방 브이로그,https://youtube.com/watch?v=q-k7711eOPY
568,"오포읍 고산리 아침5시(feat. 알릴레오,  독거노총각)",https://youtube.com/watch?v=X0f1e8u9Cuk
569,삼천포 바지락 해장 44살 독거 노총각,https://youtube.com/watch?v=BaI8LlCSffM
570,2022년 10월 31일 #MUKBANG  40살 노총각 카카오 대리운전 쉬는 월요일 솥뚜껑 닭도리탕 나는자연인먹방,https://youtube.com/watch?v=uGbAOF4tWdo
571,80년 프랑스에서 제일 유명한 한국남자,https://youtube.com/shorts/rA28UQa9FSc
572,1인가구 브이로그) 추억의 뽀글이? No 독거노총각의 라면국밥 먹방,https://youtube.com/watch?v=B71FZykz1GA
573,독거밀집사의 롤모델 독고노총각 형님 따라만든 영상 (밀집사 먹방 이야기) 고양이와의 삶 브이로그,https://youtube.com/watch?v=a6iK4jqievc
574,우울한 48세 노총각 밤 12시에 너무 배고파서 아무도 없는..집..혼자서 혼술...밥 먹기,https://youtube.com/watch?v=don2rdJfHS4
575,노총각이 간다! 진해 용원 맛집! 이베리코 스페인 흑돼지! 미모의 여성 구독자! 미식가! 고기박사?,https://youtube.com/watch?v=AzsK4NhpBgc
576,#유퉁엄빠의 요리하기#,https://youtube.com/watch?v=xDAjh286FLw
577,(50세 노총각 건물주 아들)다가구 부동산 임대업 현실과 우크라이나 여행 계획,https://youtube.com/watch?v=lY6R3bmiTqs
578,노총각이 간다! 창원 상남 재래시장! 전통 5일장! - 촌국수! 떡볶이! 군밤!,https://youtube.com/watch?v=RraQZoR1cJk
579,내일이면 마흔둘 노총각 (지가 이렇게 올리랬음ㅋ) #shorts,https://youtube.com/shorts/V9e7mt3aOxY
580,42년동안 여자 못사귀는게 무서운 일인 이유| 솔로라면 보세요,https://youtube.com/watch?v=Jul0-i1pii0
581,[짤툰 프리미엄] 독거노인,https://youtube.com/watch?v=tg0zW6g7ewA
582,고혈압으로  죽을뻔한                           51세 노총각  살기위해 뛴다,https://youtube.com/watch?v=7NdqXxBMi0A
583,어머니 생일날 본전 다 뽑는 51세 노총각#이동갈비#칼국수,https://youtube.com/watch?v=5259QEDcSLc
584,탈모네 놀러와 남자구독자랑 불토에 해물찜,https://youtube.com/watch?v=3HqG6qncMjo
585,49세 노총각. 부모님 댁으로 들어간 사연,https://youtube.com/watch?v=5P0fL1CLm4o
586,"[시즌4] 38부 직업의 모든것 1,000만뷰의 주인공 탈모 노총각 형님과 노래방 다녀왔습니다..",https://youtube.com/watch?v=Bk3lIlGzQ5A
587,대전맛집 돼지갈비 먹방 대전갈비,https://youtube.com/watch?v=EiV8QAL8ihE
588,"먹방ASMR/ 문배마을단풍구경(feat.동동주, 감자전, 촌두부, 비빔밥)/ 갱년기 독거노총각이 가을을 타지 않는 이유와 노래까지^^;;/ 40대 중반 독거노총각의 늦은 연애이야기",https://youtube.com/watch?v=Z1Xjc8hpZR0
589,46살노총각  버거형매운맛 떡볶이 Spicy Sulbi onion Kimchi in Spicy Tteokbokki,https://youtube.com/watch?v=5ZPGFvlg0JA
590,#이동석댄스TV #영등포이동석댄스학원 #댄스부부 동석과초이 #사교단체반수업중에,https://youtube.com/shorts/NdPB4McTq6M
591,소라를 생전 처음 손질해본드아 41세 독거노총각,https://youtube.com/watch?v=l-mGaQ4UHz4
592,사교댄스 1인자 후원계좌 대구은행 508-11-241836-5 이*원  여러분들후원이 저에게 큰힘이됩니다,https://youtube.com/watch?v=EpNu9nSwLX8
593,애인이랑 따로 동거하려고 집샀는데 물이 펑펑..  수리방법?,https://youtube.com/shorts/Cu4pl7wbb88
594,삼천포 바지락 해장 44살 독거 노총각,https://youtube.com/watch?v=5YE_gXynupk
595,리니지m [막피] 봄나들이 갈 여친이 없어서 막피하는 56살 독거 노총각,https://youtube.com/watch?v=QgeovnhxbXc
596,(실시간낮술)미칠&광칠 막걸리술방 대충마시자!,https://youtube.com/watch?v=Xe31_s9EUgs
597,[시즌4]  21부 외로운 42세 노총각 생일 그리고 미역 국밥,https://youtube.com/watch?v=INLw8HBg1gs
598,"본격 막걸리 마시는 방송, 같이 마시고 떠들어요~★",https://youtube.com/watch?v=H4ymxB-5czU
599,독거노총각 ㅈ소기업 이야기 재택근무는 허상 이다 [독거노총각 패러디 만화영상툰],https://youtube.com/watch?v=uyHI7YA1brA
600,Jtbc 마라톤 하루 전 날을 이렇게 보냈습니다!,https://youtube.com/watch?v=yEGbPXfQS6U
601,[시즌4] 1부 나는 왜? 마흔두살 X먹도록 결혼도 못 했을까? l 노총각 현실 브이로그,https://youtube.com/watch?v=L88mEbDDu4I
602,거제벨버디어 바다뷰 느낌.,https://youtube.com/shorts/0T3NK33ZQ58
603,"남아도는 고학력 미혼녀와 저학력 미혼남과의 연결 시도. 독거 중장년, 독거 노년, 독거 미혼남, 독거 노총각",https://youtube.com/watch?v=a1rRYVE--f4
604,38세 독거노총각 야동이답이다 vs 굴욕의 소개팅,https://youtube.com/watch?v=X-UdH3teE7E
605,목숨을 건 승부 조작 그리고 주식과 코인 몰빵!!,https://youtube.com/shorts/4UT3DjyrIUM
606,노총각혼밥 마트용 함바스테이크 흰쌀밥 실비파김치 어묵탕 김치꽁지먹방 Gyeong-style Japanese Korean,https://youtube.com/watch?v=q7PsBgTfsC4
607,독거녀 시집가고 싶다!? 양꼬치에 혼술 혼밥 하는 여자 괜찮나요?,https://youtube.com/watch?v=t7TPhE9ykGk
608,[해외여행 브이로그]혼자 장보러갔다가 대만여자친구 빡침,https://youtube.com/watch?v=mU8x2Sy8mgk
609,(※고민사연) 고시원에 사는 49세 노총각... 어떻게 살아야 될까요,https://youtube.com/watch?v=IlB1QbAE-fY
610,"배고프고 좌절한 중장년남 집밥모임(4차)에 저와 함께 먹을 분 있나요? 노량진역. 독거노총각, 독거 청년, 독거중장년, 1인 가구, 돌싱, 싱글, 이혼, 미혼",https://youtube.com/watch?v=4pVMjC5PbGo
611,5만원 월세방) 독거밀집사의 치즈 계란라면 먹방 (여자는 필요없다),https://youtube.com/watch?v=S37DPfeYUu8
612,[시즌4] 5부 알콜중독 노총각 그리고 비혼남이  느끼는 성에 대한 고찰(ft. 성교육의 폐해),https://youtube.com/watch?v=bXfk45tM_uM
613,2022. 11. 05 청도 경기장 제07경기 을종 김해범걸 대 여포,https://youtube.com/watch?v=gi0vrwkxx5k
614,이쁜 고양이! 쫑이와별이 남매! 탄생! #shorts,https://youtube.com/shorts/76NnE9Z00_E
615,"백수 수업 004_40대 여행유튜버 지망생, 하루 3만보를 걸을 수 있을까?",https://youtube.com/watch?v=sjxzv9gTfxM
616,태국 치앙마이 50대 독거로빈 여행 시작해보기 (1),https://youtube.com/watch?v=8cF673lFfYw
617,"타로로 시청자 여러분 11월달 운세 보기, 영원한 solo의 취미생활",https://youtube.com/watch?v=xbkujRVmdfE
618,"금요일 퇴근후 집에 가기 싫을땐 노포에서 한잔.. (ft.꼼장어,쏘맥)",https://youtube.com/watch?v=halJCD_Tf0Y
619,독거노처녀 집순이 친구가없는 사람 스스로 선택한 외로움 | 40대 비혼 브이로그 1인가구,https://youtube.com/watch?v=AXSS7XhniUU
620,[디아2레저렉션] 헬표스몰참 100개 까봤습니다,https://youtube.com/watch?v=1SoIqvBk8Q8
621,#실시간#벌과의전쟁 2탄 목청꾼과 말벌 퇴치꾼 숲속의 황금색보물 아무나 얻을수없는 자연의보물 목청꿀훔치기#나는자연인이다#코리아헌터#생생정보#대물꾼#극한직업#약초꾼#절인배추#능이송이,https://youtube.com/watch?v=Hx2sCyZu_Hc
622,미용실에서 염색하지마세요~(집에서10분염색),https://youtube.com/watch?v=4tga4xN55mM
623,그놈 목소리 (ft.보이스 피싱),https://youtube.com/watch?v=LW9OHBDsH7A
624,노총각 시골밥상 배추밭에서 통영생굴무침에 배추쌈먹방 Tongyeong raw oyster pickled cabbage wraps  Country real food,https://youtube.com/watch?v=WcB1rJ5GLxk
625,[혼술] 편의점 혼술 쉽지 않구나 | 3번째 찾아간 편의점에서 혼술 성공,https://youtube.com/watch?v=EI8__Xbs-m4
626,46살노총각 과메기에 애호박된장찌개  혼술먹방 Gwamegi Wheat Real Mukbang,https://youtube.com/watch?v=dyqG0NDu0tk
627,"[시즌3] 26부 대기업 퇴사 후 백수, 그리고 노총각으로 살아온 41년... l 나의 불행은 잘못된 선택에서 시작되었다",https://youtube.com/watch?v=8S_cDbQk6MQ
628,[시즌5] 8부 셀레임.. 마흔둘 백수 노총각 전설의 소개팅 ep.1,https://youtube.com/watch?v=10zLwZbS9YQ
629,#실시간#해외선물 소통음방#속보#19금#비트코인#먹방#넷마블#주식#클럽#현송tv#썰선녀#교도소tv#할명수#kpop#무료차박#라오스#이태원#야한밤#손흥민#까마귀tv#감동란#홀덤바카라,https://youtube.com/watch?v=rqqTXN2pNlg
630,독거노처녀의 남자없는 삶 ...,https://youtube.com/watch?v=PQglBli-Jpw
631,"서른아홉노총각백수 | 배달음식 먹방 | ep.03 후라이드 치킨, 치즈볼 bhc",https://youtube.com/watch?v=r770Sjo2RGo
632,"""美 전략자산 상시배치 수준으로 전개...北 핵공격시 김정은 정권 종말"" / YTN",https://youtube.com/watch?v=zH3GAMnGUT4
633,구독자분들 정말 고맙습니다^^,https://youtube.com/watch?v=NVsAuhKmb2k
634,머스크 트위터 인수 후 떠나는 기업들,https://youtube.com/watch?v=chkVRmEEg6o
635,#실시간#벌과의전쟁 1탄 목청꾼과 말벌 퇴치꾼 숲속의 황금색보물 아무나 얻을수없는 자연의보물 목청꿀#나는자연인이다#코리아헌터#생생정보#대물꾼#극한직업#약초꾼#송이#절인배추#능이버섯,https://youtube.com/watch?v=bHqiBwDb5DM
636,Ep.5 클럽 죽순이 출신 산부인과 전문의 강현정 원장...,https://youtube.com/watch?v=amMoXEWm3PI
637,99회ㅡ노총각👉독거 할아버지🧔 만나다!,https://youtube.com/watch?v=4KvgUp7dI28
638,착실하고 한결같은 남자의 용기있는 공개구혼 도전!!,https://youtube.com/watch?v=A3FYl9H_L50
639,불황속에 내려간 시골. 8천원으로 차린 술상,https://youtube.com/watch?v=i6G102Js0WE
640,점심식사를 두 곳에서 두 번이나 먹을 수 있는 뚱뚱하고 못생긴 데이트 포기한 여자,https://youtube.com/watch?v=s4mu5R541vQ
641,"서른아홉노총각백수 | 배달음식 먹방 | ep.02 짜장면, 탕수육 호로록",https://youtube.com/watch?v=45GfpTM9Yv4
642,12시간 근무후 모기 가득 차갑고 쓸쓸한 공장에서 짜글이와 스팸에 한 잔 합니다 [리얼혼술먹방],https://youtube.com/watch?v=MSj0KESRdIE
643,사장님한테 잘못 걸리면 주방 한가운데서 혼술하는 곳..(관종의 최후),https://youtube.com/watch?v=NUzDDRbWotY
644,똥집은 살 안 찌니까 마음껏 드세요,https://youtube.com/shorts/TcJ4jA1pCCU
645,92년생 총각과 반려동물들의 무인도 자급자족 라이프 무인도그 리턴즈 EP-41,https://youtube.com/watch?v=Ll4OVPpMmRU
646,#실시간#라오스여행 비엔티안 미우새 이상민도 만족한 여인의 손놀림 이맛이지#귀청소방#19금#야동박스#성인용품#야설#성인정보#절인배추#av#ktv#미시클럽#야동은#텐프로#야시장#김장,https://youtube.com/watch?v=pfcXySJyInE
647,[일상] 서울 근교 나들이🚘 파주 헤이리 예술마을 볼거리가 많네요~😍,https://youtube.com/watch?v=EtTiYif71xQ
648,이 곳의 성매매촌을 폐쇄하면 업주는 다른 곳에 가서 동일한 영업을 할까?,https://youtube.com/watch?v=eh0K0FozbC8
649,7년째 안한 유부남 인터뷰 [결혼] 6부,https://youtube.com/watch?v=eU1FDZc05Kw
650,리뷰좋고 인기가 많은 몽클레어남자패딩  제품 추천순위 top10,https://youtube.com/watch?v=iPKey4ZO9qY
651,#실시간#비엔티안 잠옷입은 여자 야시장투어 맛집 달인 길거리음식 팔리는 양이 어마어마#육덕#먹방브이로그#밤문화#19금#방콕시장#백종원#다큐라오스#절임배추#버드리#홍단이#이태원압사#,https://youtube.com/watch?v=6J24AijuuwQ
652,"【TVPP】Jeong Jun Ha - A Story of a Tall Old Bachelor, 정준하 - 키 큰 노총각 이야기 @ Infinite Challenge",https://youtube.com/watch?v=gHK9ibnKm3g
653,흙수저 백수 우울증 히키코모리 못생긴 노총각 브이로그,https://youtube.com/watch?v=zpzn2tu-IlI
654,50세 노총각 백수의 브이로그 1일│물류센터 야간알바 새벽6시 퇴근 후 강변 산책과 등산 【2022년 8월 13일】 Mr. Ahn 영상일기 (Vlog),https://youtube.com/watch?v=iZnQRgekKmE
655,40살 노총각 스타벅스 헌팅 도전,https://youtube.com/watch?v=ebEPjdvN6EI
656,일요 예배 하러 교회 갔다 와서 캔 맥주 한잔 중장년 미혼 백수 브이로그 중장년 노트 TV,https://youtube.com/watch?v=bhmuDDgR0Gw
657,이혼녀 생존기 엄마의 합병증V102 1인가구 이혼 비혼 오일장 브이로그 생멸치 반야월 폐혈증,https://youtube.com/watch?v=9p2fHFoZfPM
658,97돌 깎는 명훈이 직관 했습니다 ㅋㅋㅋㅋ [로스트아크],https://youtube.com/watch?v=kfWGouL28M0
659,편의점 음식으로 퇴근후 집에서 혼밥 혼술하는 여직원,https://youtube.com/watch?v=Z_DonmQRzwI
660,이런 숙소 처음 봄(웃김주의) - 강아지와 유럽여행 (9),https://youtube.com/watch?v=fbh-mQ4rxZ8
661,라오스  음주문화,https://youtube.com/watch?v=UflAEZ_dPdI
662,부천 상동에 나타난 늑대인간(feat. 싱글벙글),https://youtube.com/watch?v=uQT5pMFZr9U
663,[라오스 딸] 32편-내 딸은 축구 신동? | 딸 바보 아빠들은 공감 할.. 내 딸은 천재?? | (feat.국제 커플&국제 가족),https://youtube.com/watch?v=v-dw6pYRp7Y
664,개껌  지겨워!  / 치와와 운전석 난입!,https://youtube.com/shorts/yHd9fIF55KE
665,시체닦는 일이라고는 말안했잖아요,https://youtube.com/watch?v=_3uuUTgb7JU
666,충격적인 모습의 한 아가씨가 사는 원룸 [집] 8부,https://youtube.com/watch?v=v0P2hFrBLp8
667,"밥도 남자, 여자 따로 먹는 보수적인 집안 #shorts",https://youtube.com/shorts/7lYAOtExOYY
668,부업으로 무인 커피 팔면 (일 안하고) 얼마 벌까!? 실제 수익 100% 공개! 24시간 판매 관찰 (직장인이 투잡으로 무인카페 운영하면 생기는 일)ㅣ검증왕,https://youtube.com/watch?v=aZ_6lcY5uVQ
669,이제 하다 하다 2레벨 다이브까지 하는 노드 팬의 그레이브즈,https://youtube.com/watch?v=3HThy3ahbfk
670,노량진역 독거 중장년 집밥 모임(과식) 3차,https://youtube.com/watch?v=IAkBVkBza4w
671,각각의 용도가 있...,https://youtube.com/watch?v=S2Yx5wRfVok
672,[던파노가리] 105제 극혐 몬스터 티어표 만들기 - 10월 노가리,https://youtube.com/watch?v=KO3IrlQrIyU
673,절 포교원을 체험. 여러 식품들+일상용품들을 배부,https://youtube.com/watch?v=DnqBDQdtGq4
674,반려견이 조수석에 타면?! / 청주에서 울산으로 돌아오는 길,https://youtube.com/watch?v=LiIk2lT7efg
675,노래방 노래방 또 노래방 19금/발산역 앞 번화가,https://youtube.com/watch?v=zBXAvKnCro0
676,재미진다 라오스 메롱 한국에 있는 쫄보들,https://youtube.com/watch?v=iI_aCVHGsC8
677,(베트남) 인생의 쓴맛을 경험하고 사장인 날 못믿겠다는 느양(ft.이건시작이야),https://youtube.com/watch?v=z306qV1Cl-s
678,미국에 있는 중국이 한반도로 왔다/ 천도제는 지구상에 Only One 한 사람만이 지낼 수 있어/ 1911년 조선제국 지도는 무엇?,https://youtube.com/watch?v=C2hdPagscKc
679,백수(반백수).전재산 150만원 이하의 39세 모태솔로 총각/그래도 꿈이 있기에 행복합니다^^(ft:주짓수.쿡방),https://youtube.com/watch?v=Nvsj9px2o7A
680,세상과 단절된 은둔형 외톨이가 홀로 사는 세상 | 백수의 삶 ep.36,https://youtube.com/watch?v=AK_zcCKYH8M
681,비타 노바_새로운 인생_바르트와 바디우_애도와 승화의 철학,https://youtube.com/watch?v=fzHuh7iYhXE
682,기타 초보자 입니다.. 기타 지판 재밌게 암기하는 방법 입니다. 악풀은 무조건 신고 합니다.,https://youtube.com/watch?v=33tE9TNXRbY
683,뱀병장인더스트리의 (3D프린터)근로 환경을 고발합니다. +상황극 페이크다큐! 마지막이 킬포인트! #사이버펑크2077 #엣지러너,https://youtube.com/watch?v=eFIokPo-LaE
684,നാണക്കാരി ഗ്രീഷ്മ! പ്രേമം എന്താന്ന് പോലും അറിയില്ല! ഞങ്ങള്‍ രക്ഷപ്പെട്ടു! ഭാവിവരന്റെ കുടുംബംപറയുന്നു,https://youtube.com/watch?v=aHPNUhtO3vY
685,금속탐지기에 걸린 사람뼈? 이거 수술한거 같은데...,https://youtube.com/watch?v=edudBtw5MmQ
686,[아두이노#546] (#1)빅솔론(bixolon) SRP-330II 영수증 프린터를 C#윈폼에서 사용하는 기본원리 알아보기!(튜토리얼)(녹칸다/포로리야공대가자),https://youtube.com/watch?v=iHMjlAg0Grs
687,"Lil Nas X, The Hadids, Serena....Watch The Best Moments from Vogue World",https://youtube.com/watch?v=qYhvjMD5fGw
